year,month,day,period,price_main,price_alt,timestamp,zone
2025,10,1,1,105.1,105.1,2025-10-01 00:00:00,Spain
2025,10,1,2,104.24,104.24,2025-10-01 00:15:00,Spain
2025,10,1,3,102.28,102.28,2025-10-01 00:30:00,Spain
2025,10,1,4,102.0,102.0,2025-10-01 00:45:00,Spain
2025,10,1,5,106.63,106.63,2025-10-01 01:00:00,Spain
2025,10,1,6,105.68,105.68,2025-10-01 01:15:00,Spain
2025,10,1,7,105.19,105.19,2025-10-01 01:30:00,Spain
2025,10,1,8,105.01,105.01,2025-10-01 01:45:00,Spain
2025,10,1,9,104.21,104.21,2025-10-01 02:00:00,Spain
2025,10,1,10,102.0,102.0,2025-10-01 02:15:00,Spain
2025,10,1,11,100.0,100.0,2025-10-01 02:30:00,Spain
2025,10,1,12,100.0,100.0,2025-10-01 02:45:00,Spain
2025,10,1,13,97.57,97.57,2025-10-01 03:00:00,Spain
2025,10,1,14,97.51,97.51,2025-10-01 03:15:00,Spain
2025,10,1,15,97.51,97.51,2025-10-01 03:30:00,Spain
2025,10,1,16,97.91,97.91,2025-10-01 03:45:00,Spain
2025,10,1,17,98.5,98.5,2025-10-01 04:00:00,Spain
2025,10,1,18,100.0,100.0,2025-10-01 04:15:00,Spain
2025,10,1,19,102.28,102.28,2025-10-01 04:30:00,Spain
2025,10,1,20,105.0,105.0,2025-10-01 04:45:00,Spain
2025,10,1,21,101.08,101.08,2025-10-01 05:00:00,Spain
2025,10,1,22,101.28,101.28,2025-10-01 05:15:00,Spain
2025,10,1,23,101.76,101.76,2025-10-01 05:30:00,Spain
2025,10,1,24,102.24,102.24,2025-10-01 05:45:00,Spain
2025,10,1,25,101.76,101.76,2025-10-01 06:00:00,Spain
2025,10,1,26,102.24,102.24,2025-10-01 06:15:00,Spain
2025,10,1,27,104.24,104.24,2025-10-01 06:30:00,Spain
2025,10,1,28,105.68,105.68,2025-10-01 06:45:00,Spain
2025,10,1,29,106.55,106.55,2025-10-01 07:00:00,Spain
2025,10,1,30,110.41,110.41,2025-10-01 07:15:00,Spain
2025,10,1,31,114.15,114.15,2025-10-01 07:30:00,Spain
2025,10,1,32,122.58,122.58,2025-10-01 07:45:00,Spain
2025,10,1,33,140.78,140.78,2025-10-01 08:00:00,Spain
2025,10,1,34,130.56,130.56,2025-10-01 08:15:00,Spain
2025,10,1,35,115.17,115.17,2025-10-01 08:30:00,Spain
2025,10,1,36,106.63,106.63,2025-10-01 08:45:00,Spain
2025,10,1,37,125.5,125.5,2025-10-01 09:00:00,Spain
2025,10,1,38,105.01,105.01,2025-10-01 09:15:00,Spain
2025,10,1,39,92.24,92.24,2025-10-01 09:30:00,Spain
2025,10,1,40,60.87,60.0,2025-10-01 09:45:00,Spain
2025,10,1,41,100.24,100.24,2025-10-01 10:00:00,Spain
2025,10,1,42,65.0,65.0,2025-10-01 10:15:00,Spain
2025,10,1,43,58.81,58.81,2025-10-01 10:30:00,Spain
2025,10,1,44,45.0,45.0,2025-10-01 10:45:00,Spain
2025,10,1,45,59.07,59.07,2025-10-01 11:00:00,Spain
2025,10,1,46,44.2,44.2,2025-10-01 11:15:00,Spain
2025,10,1,47,35.87,35.87,2025-10-01 11:30:00,Spain
2025,10,1,48,24.97,24.97,2025-10-01 11:45:00,Spain
2025,10,1,49,26.76,26.76,2025-10-01 12:00:00,Spain
2025,10,1,50,22.5,22.5,2025-10-01 12:15:00,Spain
2025,10,1,51,23.92,23.92,2025-10-01 12:30:00,Spain
2025,10,1,52,22.5,22.5,2025-10-01 12:45:00,Spain
2025,10,1,53,16.99,16.99,2025-10-01 13:00:00,Spain
2025,10,1,54,16.68,16.68,2025-10-01 13:15:00,Spain
2025,10,1,55,15.98,15.98,2025-10-01 13:30:00,Spain
2025,10,1,56,15.45,15.45,2025-10-01 13:45:00,Spain
2025,10,1,57,6.67,6.67,2025-10-01 14:00:00,Spain
2025,10,1,58,15.31,15.31,2025-10-01 14:15:00,Spain
2025,10,1,59,16.35,16.35,2025-10-01 14:30:00,Spain
2025,10,1,60,17.76,17.76,2025-10-01 14:45:00,Spain
2025,10,1,61,16.68,16.68,2025-10-01 15:00:00,Spain
2025,10,1,62,18.94,18.94,2025-10-01 15:15:00,Spain
2025,10,1,63,16.79,16.79,2025-10-01 15:30:00,Spain
2025,10,1,64,24.57,24.57,2025-10-01 15:45:00,Spain
2025,10,1,65,19.0,19.0,2025-10-01 16:00:00,Spain
2025,10,1,66,26.56,26.56,2025-10-01 16:15:00,Spain
2025,10,1,67,43.78,43.78,2025-10-01 16:30:00,Spain
2025,10,1,68,58.55,58.55,2025-10-01 16:45:00,Spain
2025,10,1,69,25.1,25.1,2025-10-01 17:00:00,Spain
2025,10,1,70,50.0,50.0,2025-10-01 17:15:00,Spain
2025,10,1,71,60.0,60.0,2025-10-01 17:30:00,Spain
2025,10,1,72,77.67,77.67,2025-10-01 17:45:00,Spain
2025,10,1,73,60.0,59.07,2025-10-01 18:00:00,Spain
2025,10,1,74,75.01,75.01,2025-10-01 18:15:00,Spain
2025,10,1,75,101.52,101.52,2025-10-01 18:30:00,Spain
2025,10,1,76,110.69,110.69,2025-10-01 18:45:00,Spain
2025,10,1,77,105.68,105.68,2025-10-01 19:00:00,Spain
2025,10,1,78,112.21,112.21,2025-10-01 19:15:00,Spain
2025,10,1,79,148.01,148.01,2025-10-01 19:30:00,Spain
2025,10,1,80,134.33,134.33,2025-10-01 19:45:00,Spain
2025,10,1,81,194.14,194.14,2025-10-01 20:00:00,Spain
2025,10,1,82,217.45,217.45,2025-10-01 20:15:00,Spain
2025,10,1,83,230.0,230.0,2025-10-01 20:30:00,Spain
2025,10,1,84,230.0,230.0,2025-10-01 20:45:00,Spain
2025,10,1,85,150.0,150.0,2025-10-01 21:00:00,Spain
2025,10,1,86,130.0,130.0,2025-10-01 21:15:00,Spain
2025,10,1,87,123.9,123.9,2025-10-01 21:30:00,Spain
2025,10,1,88,113.75,113.75,2025-10-01 21:45:00,Spain
2025,10,1,89,114.01,114.01,2025-10-01 22:00:00,Spain
2025,10,1,90,109.0,109.0,2025-10-01 22:15:00,Spain
2025,10,1,91,106.63,106.63,2025-10-01 22:30:00,Spain
2025,10,1,92,104.24,104.24,2025-10-01 22:45:00,Spain
2025,10,1,93,105.68,105.68,2025-10-01 23:00:00,Spain
2025,10,1,94,104.21,104.21,2025-10-01 23:15:00,Spain
2025,10,1,95,102.0,102.0,2025-10-01 23:30:00,Spain
2025,10,1,96,101.52,101.52,2025-10-01 23:45:00,Spain
2025,10,5,1,35.02,35.02,2025-10-05 00:00:00,Spain
2025,10,5,2,35.02,35.02,2025-10-05 00:15:00,Spain
2025,10,5,3,35.02,35.02,2025-10-05 00:30:00,Spain
2025,10,5,4,35.01,35.01,2025-10-05 00:45:00,Spain
2025,10,5,5,35.01,35.01,2025-10-05 01:00:00,Spain
2025,10,5,6,35.01,35.01,2025-10-05 01:15:00,Spain
2025,10,5,7,34.7,34.7,2025-10-05 01:30:00,Spain
2025,10,5,8,29.33,29.33,2025-10-05 01:45:00,Spain
2025,10,5,9,29.33,29.33,2025-10-05 02:00:00,Spain
2025,10,5,10,29.12,29.12,2025-10-05 02:15:00,Spain
2025,10,5,11,28.87,28.87,2025-10-05 02:30:00,Spain
2025,10,5,12,28.87,28.87,2025-10-05 02:45:00,Spain
2025,10,5,13,29.12,29.12,2025-10-05 03:00:00,Spain
2025,10,5,14,28.87,28.87,2025-10-05 03:15:00,Spain
2025,10,5,15,28.87,28.87,2025-10-05 03:30:00,Spain
2025,10,5,16,28.87,28.87,2025-10-05 03:45:00,Spain
2025,10,5,17,28.2,28.2,2025-10-05 04:00:00,Spain
2025,10,5,18,28.2,28.2,2025-10-05 04:15:00,Spain
2025,10,5,19,28.2,28.2,2025-10-05 04:30:00,Spain
2025,10,5,20,28.2,28.2,2025-10-05 04:45:00,Spain
2025,10,5,21,28.2,28.2,2025-10-05 05:00:00,Spain
2025,10,5,22,28.2,28.2,2025-10-05 05:15:00,Spain
2025,10,5,23,28.2,28.2,2025-10-05 05:30:00,Spain
2025,10,5,24,28.2,28.2,2025-10-05 05:45:00,Spain
2025,10,5,25,28.99,28.99,2025-10-05 06:00:00,Spain
2025,10,5,26,29.12,29.12,2025-10-05 06:15:00,Spain
2025,10,5,27,29.33,29.33,2025-10-05 06:30:00,Spain
2025,10,5,28,29.33,29.33,2025-10-05 06:45:00,Spain
2025,10,5,29,27.94,27.94,2025-10-05 07:00:00,Spain
2025,10,5,30,28.07,28.07,2025-10-05 07:15:00,Spain
2025,10,5,31,28.2,28.2,2025-10-05 07:30:00,Spain
2025,10,5,32,28.2,28.2,2025-10-05 07:45:00,Spain
2025,10,5,33,28.2,28.2,2025-10-05 08:00:00,Spain
2025,10,5,34,27.94,27.94,2025-10-05 08:15:00,Spain
2025,10,5,35,25.1,25.1,2025-10-05 08:30:00,Spain
2025,10,5,36,18.15,18.15,2025-10-05 08:45:00,Spain
2025,10,5,37,14.24,14.24,2025-10-05 09:00:00,Spain
2025,10,5,38,5.0,5.0,2025-10-05 09:15:00,Spain
2025,10,5,39,1.85,1.85,2025-10-05 09:30:00,Spain
2025,10,5,40,0.0,0.0,2025-10-05 09:45:00,Spain
2025,10,5,41,0.09,0.09,2025-10-05 10:00:00,Spain
2025,10,5,42,0.0,0.0,2025-10-05 10:15:00,Spain
2025,10,5,43,-0.01,-0.01,2025-10-05 10:30:00,Spain
2025,10,5,44,-0.1,-0.1,2025-10-05 10:45:00,Spain
2025,10,5,45,-0.45,-0.45,2025-10-05 11:00:00,Spain
2025,10,5,46,-0.5,-0.5,2025-10-05 11:15:00,Spain
2025,10,5,47,-0.6,-0.6,2025-10-05 11:30:00,Spain
2025,10,5,48,-0.99,-0.99,2025-10-05 11:45:00,Spain
2025,10,5,49,-0.6,-0.6,2025-10-05 12:00:00,Spain
2025,10,5,50,-1.0,-1.0,2025-10-05 12:15:00,Spain
2025,10,5,51,-1.06,-1.06,2025-10-05 12:30:00,Spain
2025,10,5,52,-1.8,-1.8,2025-10-05 12:45:00,Spain
2025,10,5,53,-2.02,-2.02,2025-10-05 13:00:00,Spain
2025,10,5,54,-2.1,-2.1,2025-10-05 13:15:00,Spain
2025,10,5,55,-2.27,-2.27,2025-10-05 13:30:00,Spain
2025,10,5,56,-2.5,-2.5,2025-10-05 13:45:00,Spain
2025,10,5,57,-2.64,-2.64,2025-10-05 14:00:00,Spain
2025,10,5,58,-2.57,-2.57,2025-10-05 14:15:00,Spain
2025,10,5,59,-2.5,-2.5,2025-10-05 14:30:00,Spain
2025,10,5,60,-2.1,-2.1,2025-10-05 14:45:00,Spain
2025,10,5,61,-2.1,-2.1,2025-10-05 15:00:00,Spain
2025,10,5,62,-1.51,-1.51,2025-10-05 15:15:00,Spain
2025,10,5,63,-0.62,-0.62,2025-10-05 15:30:00,Spain
2025,10,5,64,-0.62,-0.62,2025-10-05 15:45:00,Spain
2025,10,5,65,-0.99,-0.99,2025-10-05 16:00:00,Spain
2025,10,5,66,-0.6,-0.6,2025-10-05 16:15:00,Spain
2025,10,5,67,-0.48,-0.48,2025-10-05 16:30:00,Spain
2025,10,5,68,-0.45,-0.45,2025-10-05 16:45:00,Spain
2025,10,5,69,-0.45,-0.45,2025-10-05 17:00:00,Spain
2025,10,5,70,-0.01,-0.01,2025-10-05 17:15:00,Spain
2025,10,5,71,0.0,0.0,2025-10-05 17:30:00,Spain
2025,10,5,72,0.0,0.0,2025-10-05 17:45:00,Spain
2025,10,5,73,0.65,0.65,2025-10-05 18:00:00,Spain
2025,10,5,74,3.52,3.52,2025-10-05 18:15:00,Spain
2025,10,5,75,20.5,20.5,2025-10-05 18:30:00,Spain
2025,10,5,76,30.8,30.8,2025-10-05 18:45:00,Spain
2025,10,5,77,35.01,35.01,2025-10-05 19:00:00,Spain
2025,10,5,78,44.2,44.2,2025-10-05 19:15:00,Spain
2025,10,5,79,58.44,58.44,2025-10-05 19:30:00,Spain
2025,10,5,80,72.05,72.05,2025-10-05 19:45:00,Spain
2025,10,5,81,64.92,64.92,2025-10-05 20:00:00,Spain
2025,10,5,82,64.92,64.92,2025-10-05 20:15:00,Spain
2025,10,5,83,75.76,75.76,2025-10-05 20:30:00,Spain
2025,10,5,84,75.76,75.76,2025-10-05 20:45:00,Spain
2025,10,5,85,87.26,87.26,2025-10-05 21:00:00,Spain
2025,10,5,86,87.26,87.26,2025-10-05 21:15:00,Spain
2025,10,5,87,82.25,82.25,2025-10-05 21:30:00,Spain
2025,10,5,88,75.76,75.76,2025-10-05 21:45:00,Spain
2025,10,5,89,68.46,68.46,2025-10-05 22:00:00,Spain
2025,10,5,90,64.92,64.92,2025-10-05 22:15:00,Spain
2025,10,5,91,62.65,62.65,2025-10-05 22:30:00,Spain
2025,10,5,92,45.93,45.93,2025-10-05 22:45:00,Spain
2025,10,5,93,45.1,45.1,2025-10-05 23:00:00,Spain
2025,10,5,94,45.0,45.0,2025-10-05 23:15:00,Spain
2025,10,5,95,39.4,39.4,2025-10-05 23:30:00,Spain
2025,10,5,96,35.02,35.02,2025-10-05 23:45:00,Spain
2025,10,9,1,101.03,101.03,2025-10-09 00:00:00,Spain
2025,10,9,2,100.01,100.01,2025-10-09 00:15:00,Spain
2025,10,9,3,88.0,88.0,2025-10-09 00:30:00,Spain
2025,10,9,4,80.42,80.42,2025-10-09 00:45:00,Spain
2025,10,9,5,88.0,88.0,2025-10-09 01:00:00,Spain
2025,10,9,6,80.42,80.42,2025-10-09 01:15:00,Spain
2025,10,9,7,80.4,80.4,2025-10-09 01:30:00,Spain
2025,10,9,8,75.0,75.0,2025-10-09 01:45:00,Spain
2025,10,9,9,83.41,83.41,2025-10-09 02:00:00,Spain
2025,10,9,10,80.42,80.42,2025-10-09 02:15:00,Spain
2025,10,9,11,79.4,79.4,2025-10-09 02:30:00,Spain
2025,10,9,12,72.55,72.55,2025-10-09 02:45:00,Spain
2025,10,9,13,75.2,75.2,2025-10-09 03:00:00,Spain
2025,10,9,14,70.0,70.0,2025-10-09 03:15:00,Spain
2025,10,9,15,69.22,69.22,2025-10-09 03:30:00,Spain
2025,10,9,16,65.0,65.0,2025-10-09 03:45:00,Spain
2025,10,9,17,65.0,65.0,2025-10-09 04:00:00,Spain
2025,10,9,18,65.0,65.0,2025-10-09 04:15:00,Spain
2025,10,9,19,65.0,65.0,2025-10-09 04:30:00,Spain
2025,10,9,20,67.32,67.32,2025-10-09 04:45:00,Spain
2025,10,9,21,60.5,60.5,2025-10-09 05:00:00,Spain
2025,10,9,22,64.5,64.5,2025-10-09 05:15:00,Spain
2025,10,9,23,70.0,70.0,2025-10-09 05:30:00,Spain
2025,10,9,24,78.88,78.88,2025-10-09 05:45:00,Spain
2025,10,9,25,75.84,75.84,2025-10-09 06:00:00,Spain
2025,10,9,26,80.42,80.42,2025-10-09 06:15:00,Spain
2025,10,9,27,89.83,89.83,2025-10-09 06:30:00,Spain
2025,10,9,28,97.02,97.02,2025-10-09 06:45:00,Spain
2025,10,9,29,94.0,94.0,2025-10-09 07:00:00,Spain
2025,10,9,30,100.01,100.01,2025-10-09 07:15:00,Spain
2025,10,9,31,105.37,105.37,2025-10-09 07:30:00,Spain
2025,10,9,32,108.13,108.13,2025-10-09 07:45:00,Spain
2025,10,9,33,113.01,113.01,2025-10-09 08:00:00,Spain
2025,10,9,34,113.02,113.02,2025-10-09 08:15:00,Spain
2025,10,9,35,112.71,112.71,2025-10-09 08:30:00,Spain
2025,10,9,36,106.36,106.36,2025-10-09 08:45:00,Spain
2025,10,9,37,104.94,104.94,2025-10-09 09:00:00,Spain
2025,10,9,38,103.36,103.36,2025-10-09 09:15:00,Spain
2025,10,9,39,89.83,89.83,2025-10-09 09:30:00,Spain
2025,10,9,40,66.1,66.1,2025-10-09 09:45:00,Spain
2025,10,9,41,60.12,58.07,2025-10-09 10:00:00,Spain
2025,10,9,42,60.12,57.42,2025-10-09 10:15:00,Spain
2025,10,9,43,59.87,23.0,2025-10-09 10:30:00,Spain
2025,10,9,44,52.0,1.1,2025-10-09 10:45:00,Spain
2025,10,9,45,30.2,30.2,2025-10-09 11:00:00,Spain
2025,10,9,46,25.1,11.6,2025-10-09 11:15:00,Spain
2025,10,9,47,19.01,6.0,2025-10-09 11:30:00,Spain
2025,10,9,48,19.01,2.4,2025-10-09 11:45:00,Spain
2025,10,9,49,20.33,6.0,2025-10-09 12:00:00,Spain
2025,10,9,50,19.01,5.11,2025-10-09 12:15:00,Spain
2025,10,9,51,19.01,5.1,2025-10-09 12:30:00,Spain
2025,10,9,52,19.01,4.96,2025-10-09 12:45:00,Spain
2025,10,9,53,19.01,10.0,2025-10-09 13:00:00,Spain
2025,10,9,54,19.01,10.0,2025-10-09 13:15:00,Spain
2025,10,9,55,19.01,10.0,2025-10-09 13:30:00,Spain
2025,10,9,56,19.01,7.7,2025-10-09 13:45:00,Spain
2025,10,9,57,19.01,6.0,2025-10-09 14:00:00,Spain
2025,10,9,58,19.01,6.0,2025-10-09 14:15:00,Spain
2025,10,9,59,19.01,6.0,2025-10-09 14:30:00,Spain
2025,10,9,60,19.01,6.0,2025-10-09 14:45:00,Spain
2025,10,9,61,19.01,5.11,2025-10-09 15:00:00,Spain
2025,10,9,62,19.01,5.11,2025-10-09 15:15:00,Spain
2025,10,9,63,25.0,6.0,2025-10-09 15:30:00,Spain
2025,10,9,64,25.1,7.7,2025-10-09 15:45:00,Spain
2025,10,9,65,25.1,5.11,2025-10-09 16:00:00,Spain
2025,10,9,66,25.1,6.0,2025-10-09 16:15:00,Spain
2025,10,9,67,52.0,16.46,2025-10-09 16:30:00,Spain
2025,10,9,68,56.0,21.74,2025-10-09 16:45:00,Spain
2025,10,9,69,45.0,13.83,2025-10-09 17:00:00,Spain
2025,10,9,70,56.0,30.2,2025-10-09 17:15:00,Spain
2025,10,9,71,59.51,57.42,2025-10-09 17:30:00,Spain
2025,10,9,72,59.51,57.68,2025-10-09 17:45:00,Spain
2025,10,9,73,60.12,35.99,2025-10-09 18:00:00,Spain
2025,10,9,74,60.5,58.07,2025-10-09 18:15:00,Spain
2025,10,9,75,81.23,81.23,2025-10-09 18:30:00,Spain
2025,10,9,76,100.2,100.2,2025-10-09 18:45:00,Spain
2025,10,9,77,93.36,93.36,2025-10-09 19:00:00,Spain
2025,10,9,78,100.19,100.19,2025-10-09 19:15:00,Spain
2025,10,9,79,110.23,110.23,2025-10-09 19:30:00,Spain
2025,10,9,80,120.2,120.2,2025-10-09 19:45:00,Spain
2025,10,9,81,122.29,122.29,2025-10-09 20:00:00,Spain
2025,10,9,82,117.2,117.2,2025-10-09 20:15:00,Spain
2025,10,9,83,111.79,111.79,2025-10-09 20:30:00,Spain
2025,10,9,84,106.55,106.55,2025-10-09 20:45:00,Spain
2025,10,9,85,109.81,109.81,2025-10-09 21:00:00,Spain
2025,10,9,86,104.59,104.59,2025-10-09 21:15:00,Spain
2025,10,9,87,99.54,99.54,2025-10-09 21:30:00,Spain
2025,10,9,88,92.8,92.8,2025-10-09 21:45:00,Spain
2025,10,9,89,101.37,101.37,2025-10-09 22:00:00,Spain
2025,10,9,90,94.94,94.94,2025-10-09 22:15:00,Spain
2025,10,9,91,93.76,93.76,2025-10-09 22:30:00,Spain
2025,10,9,92,90.2,90.2,2025-10-09 22:45:00,Spain
2025,10,9,93,102.72,102.72,2025-10-09 23:00:00,Spain
2025,10,9,94,97.98,97.98,2025-10-09 23:15:00,Spain
2025,10,9,95,89.83,89.83,2025-10-09 23:30:00,Spain
2025,10,9,96,80.42,80.42,2025-10-09 23:45:00,Spain
2025,10,13,1,101.37,101.37,2025-10-13 00:00:00,Spain
2025,10,13,2,101.34,101.34,2025-10-13 00:15:00,Spain
2025,10,13,3,101.34,101.34,2025-10-13 00:30:00,Spain
2025,10,13,4,100.0,100.0,2025-10-13 00:45:00,Spain
2025,10,13,5,91.0,91.0,2025-10-13 01:00:00,Spain
2025,10,13,6,95.07,95.07,2025-10-13 01:15:00,Spain
2025,10,13,7,92.58,92.58,2025-10-13 01:30:00,Spain
2025,10,13,8,90.1,90.1,2025-10-13 01:45:00,Spain
2025,10,13,9,85.0,85.0,2025-10-13 02:00:00,Spain
2025,10,13,10,83.77,83.77,2025-10-13 02:15:00,Spain
2025,10,13,11,82.5,82.5,2025-10-13 02:30:00,Spain
2025,10,13,12,84.25,84.25,2025-10-13 02:45:00,Spain
2025,10,13,13,90.8,90.8,2025-10-13 03:00:00,Spain
2025,10,13,14,91.41,91.41,2025-10-13 03:15:00,Spain
2025,10,13,15,93.0,93.0,2025-10-13 03:30:00,Spain
2025,10,13,16,93.47,93.47,2025-10-13 03:45:00,Spain
2025,10,13,17,93.47,93.47,2025-10-13 04:00:00,Spain
2025,10,13,18,95.07,95.07,2025-10-13 04:15:00,Spain
2025,10,13,19,95.07,95.07,2025-10-13 04:30:00,Spain
2025,10,13,20,96.67,96.67,2025-10-13 04:45:00,Spain
2025,10,13,21,100.0,100.0,2025-10-13 05:00:00,Spain
2025,10,13,22,101.34,101.34,2025-10-13 05:15:00,Spain
2025,10,13,23,101.37,101.37,2025-10-13 05:30:00,Spain
2025,10,13,24,105.0,105.0,2025-10-13 05:45:00,Spain
2025,10,13,25,101.37,101.37,2025-10-13 06:00:00,Spain
2025,10,13,26,105.17,105.17,2025-10-13 06:15:00,Spain
2025,10,13,27,107.57,107.57,2025-10-13 06:30:00,Spain
2025,10,13,28,109.57,109.57,2025-10-13 06:45:00,Spain
2025,10,13,29,113.28,113.28,2025-10-13 07:00:00,Spain
2025,10,13,30,114.36,114.36,2025-10-13 07:15:00,Spain
2025,10,13,31,115.94,115.94,2025-10-13 07:30:00,Spain
2025,10,13,32,117.2,117.2,2025-10-13 07:45:00,Spain
2025,10,13,33,129.29,129.29,2025-10-13 08:00:00,Spain
2025,10,13,34,130.25,130.25,2025-10-13 08:15:00,Spain
2025,10,13,35,129.29,129.29,2025-10-13 08:30:00,Spain
2025,10,13,36,120.82,120.82,2025-10-13 08:45:00,Spain
2025,10,13,37,140.33,140.33,2025-10-13 09:00:00,Spain
2025,10,13,38,118.6,118.6,2025-10-13 09:15:00,Spain
2025,10,13,39,113.28,113.28,2025-10-13 09:30:00,Spain
2025,10,13,40,110.0,110.0,2025-10-13 09:45:00,Spain
2025,10,13,41,112.47,112.47,2025-10-13 10:00:00,Spain
2025,10,13,42,106.86,106.86,2025-10-13 10:15:00,Spain
2025,10,13,43,101.37,101.37,2025-10-13 10:30:00,Spain
2025,10,13,44,95.07,95.07,2025-10-13 10:45:00,Spain
2025,10,13,45,101.37,101.37,2025-10-13 11:00:00,Spain
2025,10,13,46,92.47,92.47,2025-10-13 11:15:00,Spain
2025,10,13,47,81.48,81.48,2025-10-13 11:30:00,Spain
2025,10,13,48,78.12,78.12,2025-10-13 11:45:00,Spain
2025,10,13,49,78.33,78.33,2025-10-13 12:00:00,Spain
2025,10,13,50,77.07,77.07,2025-10-13 12:15:00,Spain
2025,10,13,51,77.07,77.07,2025-10-13 12:30:00,Spain
2025,10,13,52,76.68,76.68,2025-10-13 12:45:00,Spain
2025,10,13,53,73.47,73.47,2025-10-13 13:00:00,Spain
2025,10,13,54,70.2,70.2,2025-10-13 13:15:00,Spain
2025,10,13,55,70.0,70.0,2025-10-13 13:30:00,Spain
2025,10,13,56,68.0,68.0,2025-10-13 13:45:00,Spain
2025,10,13,57,68.0,68.0,2025-10-13 14:00:00,Spain
2025,10,13,58,68.93,68.93,2025-10-13 14:15:00,Spain
2025,10,13,59,69.1,69.1,2025-10-13 14:30:00,Spain
2025,10,13,60,68.76,68.76,2025-10-13 14:45:00,Spain
2025,10,13,61,60.1,60.1,2025-10-13 15:00:00,Spain
2025,10,13,62,65.0,61.0,2025-10-13 15:15:00,Spain
2025,10,13,63,68.0,65.0,2025-10-13 15:30:00,Spain
2025,10,13,64,68.76,68.76,2025-10-13 15:45:00,Spain
2025,10,13,65,68.0,68.0,2025-10-13 16:00:00,Spain
2025,10,13,66,70.0,69.1,2025-10-13 16:15:00,Spain
2025,10,13,67,70.0,70.0,2025-10-13 16:30:00,Spain
2025,10,13,68,76.55,76.55,2025-10-13 16:45:00,Spain
2025,10,13,69,78.33,65.0,2025-10-13 17:00:00,Spain
2025,10,13,70,78.33,71.5,2025-10-13 17:15:00,Spain
2025,10,13,71,86.3,86.3,2025-10-13 17:30:00,Spain
2025,10,13,72,94.25,94.25,2025-10-13 17:45:00,Spain
2025,10,13,73,85.16,85.16,2025-10-13 18:00:00,Spain
2025,10,13,74,101.34,101.34,2025-10-13 18:15:00,Spain
2025,10,13,75,101.37,101.37,2025-10-13 18:30:00,Spain
2025,10,13,76,111.78,111.78,2025-10-13 18:45:00,Spain
2025,10,13,77,117.2,117.2,2025-10-13 19:00:00,Spain
2025,10,13,78,119.24,119.24,2025-10-13 19:15:00,Spain
2025,10,13,79,137.11,137.11,2025-10-13 19:30:00,Spain
2025,10,13,80,154.76,154.76,2025-10-13 19:45:00,Spain
2025,10,13,81,158.18,158.18,2025-10-13 20:00:00,Spain
2025,10,13,82,161.18,161.18,2025-10-13 20:15:00,Spain
2025,10,13,83,165.0,165.0,2025-10-13 20:30:00,Spain
2025,10,13,84,164.0,164.0,2025-10-13 20:45:00,Spain
2025,10,13,85,167.29,167.29,2025-10-13 21:00:00,Spain
2025,10,13,86,163.7,163.7,2025-10-13 21:15:00,Spain
2025,10,13,87,160.43,160.43,2025-10-13 21:30:00,Spain
2025,10,13,88,150.53,150.53,2025-10-13 21:45:00,Spain
2025,10,13,89,146.82,146.82,2025-10-13 22:00:00,Spain
2025,10,13,90,128.94,128.94,2025-10-13 22:15:00,Spain
2025,10,13,91,122.84,122.84,2025-10-13 22:30:00,Spain
2025,10,13,92,118.4,118.4,2025-10-13 22:45:00,Spain
2025,10,13,93,116.34,116.34,2025-10-13 23:00:00,Spain
2025,10,13,94,115.0,115.0,2025-10-13 23:15:00,Spain
2025,10,13,95,114.36,114.36,2025-10-13 23:30:00,Spain
2025,10,13,96,114.36,114.36,2025-10-13 23:45:00,Spain
2025,10,17,1,127.6,127.6,2025-10-17 00:00:00,Spain
2025,10,17,2,125.2,125.2,2025-10-17 00:15:00,Spain
2025,10,17,3,123.01,123.01,2025-10-17 00:30:00,Spain
2025,10,17,4,118.32,118.32,2025-10-17 00:45:00,Spain
2025,10,17,5,115.0,115.0,2025-10-17 01:00:00,Spain
2025,10,17,6,109.64,109.64,2025-10-17 01:15:00,Spain
2025,10,17,7,107.87,107.87,2025-10-17 01:30:00,Spain
2025,10,17,8,107.44,107.44,2025-10-17 01:45:00,Spain
2025,10,17,9,107.87,107.44,2025-10-17 02:00:00,Spain
2025,10,17,10,107.87,106.87,2025-10-17 02:15:00,Spain
2025,10,17,11,105.84,105.84,2025-10-17 02:30:00,Spain
2025,10,17,12,105.84,105.84,2025-10-17 02:45:00,Spain
2025,10,17,13,105.5,105.5,2025-10-17 03:00:00,Spain
2025,10,17,14,105.04,105.04,2025-10-17 03:15:00,Spain
2025,10,17,15,105.04,105.04,2025-10-17 03:30:00,Spain
2025,10,17,16,105.04,105.04,2025-10-17 03:45:00,Spain
2025,10,17,17,105.0,105.0,2025-10-17 04:00:00,Spain
2025,10,17,18,105.04,105.04,2025-10-17 04:15:00,Spain
2025,10,17,19,105.04,105.04,2025-10-17 04:30:00,Spain
2025,10,17,20,105.13,105.13,2025-10-17 04:45:00,Spain
2025,10,17,21,105.04,105.04,2025-10-17 05:00:00,Spain
2025,10,17,22,105.84,105.84,2025-10-17 05:15:00,Spain
2025,10,17,23,107.44,107.44,2025-10-17 05:30:00,Spain
2025,10,17,24,109.0,109.0,2025-10-17 05:45:00,Spain
2025,10,17,25,107.81,107.81,2025-10-17 06:00:00,Spain
2025,10,17,26,112.26,112.26,2025-10-17 06:15:00,Spain
2025,10,17,27,120.0,120.0,2025-10-17 06:30:00,Spain
2025,10,17,28,125.2,125.2,2025-10-17 06:45:00,Spain
2025,10,17,29,124.8,124.8,2025-10-17 07:00:00,Spain
2025,10,17,30,136.8,136.8,2025-10-17 07:15:00,Spain
2025,10,17,31,138.0,138.0,2025-10-17 07:30:00,Spain
2025,10,17,32,149.5,149.5,2025-10-17 07:45:00,Spain
2025,10,17,33,158.74,158.74,2025-10-17 08:00:00,Spain
2025,10,17,34,161.35,161.35,2025-10-17 08:15:00,Spain
2025,10,17,35,161.0,161.0,2025-10-17 08:30:00,Spain
2025,10,17,36,156.51,156.51,2025-10-17 08:45:00,Spain
2025,10,17,37,161.02,161.02,2025-10-17 09:00:00,Spain
2025,10,17,38,133.0,133.0,2025-10-17 09:15:00,Spain
2025,10,17,39,120.0,120.0,2025-10-17 09:30:00,Spain
2025,10,17,40,105.04,105.04,2025-10-17 09:45:00,Spain
2025,10,17,41,105.09,105.09,2025-10-17 10:00:00,Spain
2025,10,17,42,105.04,105.04,2025-10-17 10:15:00,Spain
2025,10,17,43,90.0,90.0,2025-10-17 10:30:00,Spain
2025,10,17,44,97.37,97.37,2025-10-17 10:45:00,Spain
2025,10,17,45,94.94,94.94,2025-10-17 11:00:00,Spain
2025,10,17,46,83.07,83.07,2025-10-17 11:15:00,Spain
2025,10,17,47,82.87,81.68,2025-10-17 11:30:00,Spain
2025,10,17,48,80.0,78.0,2025-10-17 11:45:00,Spain
2025,10,17,49,80.15,80.15,2025-10-17 12:00:00,Spain
2025,10,17,50,76.62,76.62,2025-10-17 12:15:00,Spain
2025,10,17,51,75.5,75.5,2025-10-17 12:30:00,Spain
2025,10,17,52,74.9,74.03,2025-10-17 12:45:00,Spain
2025,10,17,53,69.0,69.0,2025-10-17 13:00:00,Spain
2025,10,17,54,62.41,62.41,2025-10-17 13:15:00,Spain
2025,10,17,55,55.26,55.26,2025-10-17 13:30:00,Spain
2025,10,17,56,55.01,49.87,2025-10-17 13:45:00,Spain
2025,10,17,57,55.01,53.0,2025-10-17 14:00:00,Spain
2025,10,17,58,55.01,50.0,2025-10-17 14:15:00,Spain
2025,10,17,59,55.01,45.01,2025-10-17 14:30:00,Spain
2025,10,17,60,55.01,45.55,2025-10-17 14:45:00,Spain
2025,10,17,61,55.01,31.8,2025-10-17 15:00:00,Spain
2025,10,17,62,55.01,42.84,2025-10-17 15:15:00,Spain
2025,10,17,63,55.01,50.26,2025-10-17 15:30:00,Spain
2025,10,17,64,55.1,55.1,2025-10-17 15:45:00,Spain
2025,10,17,65,55.01,31.53,2025-10-17 16:00:00,Spain
2025,10,17,66,66.96,56.15,2025-10-17 16:15:00,Spain
2025,10,17,67,75.5,67.21,2025-10-17 16:30:00,Spain
2025,10,17,68,76.3,76.3,2025-10-17 16:45:00,Spain
2025,10,17,69,75.1,75.1,2025-10-17 17:00:00,Spain
2025,10,17,70,82.87,82.87,2025-10-17 17:15:00,Spain
2025,10,17,71,105.84,105.84,2025-10-17 17:30:00,Spain
2025,10,17,72,115.01,115.01,2025-10-17 17:45:00,Spain
2025,10,17,73,104.64,104.64,2025-10-17 18:00:00,Spain
2025,10,17,74,117.76,117.76,2025-10-17 18:15:00,Spain
2025,10,17,75,124.8,124.8,2025-10-17 18:30:00,Spain
2025,10,17,76,135.78,135.78,2025-10-17 18:45:00,Spain
2025,10,17,77,131.33,131.33,2025-10-17 19:00:00,Spain
2025,10,17,78,133.7,133.7,2025-10-17 19:15:00,Spain
2025,10,17,79,138.2,138.2,2025-10-17 19:30:00,Spain
2025,10,17,80,149.52,149.52,2025-10-17 19:45:00,Spain
2025,10,17,81,150.0,150.0,2025-10-17 20:00:00,Spain
2025,10,17,82,159.0,159.0,2025-10-17 20:15:00,Spain
2025,10,17,83,161.18,161.18,2025-10-17 20:30:00,Spain
2025,10,17,84,160.43,160.43,2025-10-17 20:45:00,Spain
2025,10,17,85,158.81,158.81,2025-10-17 21:00:00,Spain
2025,10,17,86,154.5,154.5,2025-10-17 21:15:00,Spain
2025,10,17,87,144.01,144.01,2025-10-17 21:30:00,Spain
2025,10,17,88,133.7,133.7,2025-10-17 21:45:00,Spain
2025,10,17,89,136.5,136.5,2025-10-17 22:00:00,Spain
2025,10,17,90,130.0,130.0,2025-10-17 22:15:00,Spain
2025,10,17,91,125.0,125.0,2025-10-17 22:30:00,Spain
2025,10,17,92,120.0,120.0,2025-10-17 22:45:00,Spain
2025,10,17,93,127.52,127.52,2025-10-17 23:00:00,Spain
2025,10,17,94,125.2,125.2,2025-10-17 23:15:00,Spain
2025,10,17,95,120.01,120.01,2025-10-17 23:30:00,Spain
2025,10,17,96,116.13,116.13,2025-10-17 23:45:00,Spain
2025,10,21,1,45.8,45.8,2025-10-21 00:00:00,Spain
2025,10,21,2,39.9,39.9,2025-10-21 00:15:00,Spain
2025,10,21,3,31.22,31.22,2025-10-21 00:30:00,Spain
2025,10,21,4,26.87,26.87,2025-10-21 00:45:00,Spain
2025,10,21,5,26.87,25.2,2025-10-21 01:00:00,Spain
2025,10,21,6,25.07,25.07,2025-10-21 01:15:00,Spain
2025,10,21,7,24.68,24.68,2025-10-21 01:30:00,Spain
2025,10,21,8,20.0,20.0,2025-10-21 01:45:00,Spain
2025,10,21,9,17.16,17.16,2025-10-21 02:00:00,Spain
2025,10,21,10,14.0,14.0,2025-10-21 02:15:00,Spain
2025,10,21,11,11.17,11.17,2025-10-21 02:30:00,Spain
2025,10,21,12,10.0,10.0,2025-10-21 02:45:00,Spain
2025,10,21,13,7.96,7.96,2025-10-21 03:00:00,Spain
2025,10,21,14,14.0,14.0,2025-10-21 03:15:00,Spain
2025,10,21,15,12.23,12.23,2025-10-21 03:30:00,Spain
2025,10,21,16,10.0,10.0,2025-10-21 03:45:00,Spain
2025,10,21,17,12.92,12.92,2025-10-21 04:00:00,Spain
2025,10,21,18,14.0,14.0,2025-10-21 04:15:00,Spain
2025,10,21,19,15.0,15.0,2025-10-21 04:30:00,Spain
2025,10,21,20,14.0,14.0,2025-10-21 04:45:00,Spain
2025,10,21,21,12.75,12.75,2025-10-21 05:00:00,Spain
2025,10,21,22,15.0,15.0,2025-10-21 05:15:00,Spain
2025,10,21,23,20.0,20.0,2025-10-21 05:30:00,Spain
2025,10,21,24,24.42,24.42,2025-10-21 05:45:00,Spain
2025,10,21,25,24.94,24.94,2025-10-21 06:00:00,Spain
2025,10,21,26,26.87,26.87,2025-10-21 06:15:00,Spain
2025,10,21,27,42.0,42.0,2025-10-21 06:30:00,Spain
2025,10,21,28,47.27,47.27,2025-10-21 06:45:00,Spain
2025,10,21,29,46.76,46.76,2025-10-21 07:00:00,Spain
2025,10,21,30,54.08,54.08,2025-10-21 07:15:00,Spain
2025,10,21,31,70.15,70.15,2025-10-21 07:30:00,Spain
2025,10,21,32,80.87,80.87,2025-10-21 07:45:00,Spain
2025,10,21,33,90.05,90.05,2025-10-21 08:00:00,Spain
2025,10,21,34,93.65,93.65,2025-10-21 08:15:00,Spain
2025,10,21,35,96.5,96.5,2025-10-21 08:30:00,Spain
2025,10,21,36,93.43,93.43,2025-10-21 08:45:00,Spain
2025,10,21,37,104.49,104.49,2025-10-21 09:00:00,Spain
2025,10,21,38,85.59,85.59,2025-10-21 09:15:00,Spain
2025,10,21,39,72.0,72.0,2025-10-21 09:30:00,Spain
2025,10,21,40,52.0,52.0,2025-10-21 09:45:00,Spain
2025,10,21,41,56.0,56.0,2025-10-21 10:00:00,Spain
2025,10,21,42,47.0,47.0,2025-10-21 10:15:00,Spain
2025,10,21,43,36.1,36.1,2025-10-21 10:30:00,Spain
2025,10,21,44,26.87,26.87,2025-10-21 10:45:00,Spain
2025,10,21,45,25.07,25.07,2025-10-21 11:00:00,Spain
2025,10,21,46,22.2,22.2,2025-10-21 11:15:00,Spain
2025,10,21,47,15.5,15.5,2025-10-21 11:30:00,Spain
2025,10,21,48,14.0,14.0,2025-10-21 11:45:00,Spain
2025,10,21,49,10.1,10.1,2025-10-21 12:00:00,Spain
2025,10,21,50,6.0,6.0,2025-10-21 12:15:00,Spain
2025,10,21,51,3.8,3.8,2025-10-21 12:30:00,Spain
2025,10,21,52,3.52,3.52,2025-10-21 12:45:00,Spain
2025,10,21,53,3.52,3.52,2025-10-21 13:00:00,Spain
2025,10,21,54,3.52,3.52,2025-10-21 13:15:00,Spain
2025,10,21,55,3.52,3.52,2025-10-21 13:30:00,Spain
2025,10,21,56,3.52,3.52,2025-10-21 13:45:00,Spain
2025,10,21,57,3.52,3.52,2025-10-21 14:00:00,Spain
2025,10,21,58,3.52,3.52,2025-10-21 14:15:00,Spain
2025,10,21,59,3.01,3.01,2025-10-21 14:30:00,Spain
2025,10,21,60,3.0,3.0,2025-10-21 14:45:00,Spain
2025,10,21,61,1.72,1.72,2025-10-21 15:00:00,Spain
2025,10,21,62,1.72,1.72,2025-10-21 15:15:00,Spain
2025,10,21,63,1.72,1.72,2025-10-21 15:30:00,Spain
2025,10,21,64,2.2,2.2,2025-10-21 15:45:00,Spain
2025,10,21,65,3.01,3.01,2025-10-21 16:00:00,Spain
2025,10,21,66,3.52,3.52,2025-10-21 16:15:00,Spain
2025,10,21,67,3.52,3.52,2025-10-21 16:30:00,Spain
2025,10,21,68,3.52,3.52,2025-10-21 16:45:00,Spain
2025,10,21,69,3.52,3.52,2025-10-21 17:00:00,Spain
2025,10,21,70,10.0,10.0,2025-10-21 17:15:00,Spain
2025,10,21,71,16.79,16.79,2025-10-21 17:30:00,Spain
2025,10,21,72,25.2,25.2,2025-10-21 17:45:00,Spain
2025,10,21,73,25.07,25.07,2025-10-21 18:00:00,Spain
2025,10,21,74,37.76,37.76,2025-10-21 18:15:00,Spain
2025,10,21,75,49.28,49.28,2025-10-21 18:30:00,Spain
2025,10,21,76,80.0,80.0,2025-10-21 18:45:00,Spain
2025,10,21,77,54.08,54.08,2025-10-21 19:00:00,Spain
2025,10,21,78,70.98,70.98,2025-10-21 19:15:00,Spain
2025,10,21,79,86.5,86.5,2025-10-21 19:30:00,Spain
2025,10,21,80,101.68,101.68,2025-10-21 19:45:00,Spain
2025,10,21,81,112.0,112.0,2025-10-21 20:00:00,Spain
2025,10,21,82,104.99,104.99,2025-10-21 20:15:00,Spain
2025,10,21,83,97.75,97.75,2025-10-21 20:30:00,Spain
2025,10,21,84,90.0,90.0,2025-10-21 20:45:00,Spain
2025,10,21,85,92.22,92.22,2025-10-21 21:00:00,Spain
2025,10,21,86,83.02,83.02,2025-10-21 21:15:00,Spain
2025,10,21,87,86.37,86.37,2025-10-21 21:30:00,Spain
2025,10,21,88,70.26,70.26,2025-10-21 21:45:00,Spain
2025,10,21,89,92.79,92.79,2025-10-21 22:00:00,Spain
2025,10,21,90,82.38,82.38,2025-10-21 22:15:00,Spain
2025,10,21,91,80.0,80.0,2025-10-21 22:30:00,Spain
2025,10,21,92,60.1,60.1,2025-10-21 22:45:00,Spain
2025,10,21,93,60.1,60.1,2025-10-21 23:00:00,Spain
2025,10,21,94,54.08,54.08,2025-10-21 23:15:00,Spain
2025,10,21,95,50.39,50.39,2025-10-21 23:30:00,Spain
2025,10,21,96,47.24,47.24,2025-10-21 23:45:00,Spain
2025,10,25,1,98.89,98.89,2025-10-25 00:00:00,Spain
2025,10,25,2,97.76,97.76,2025-10-25 00:15:00,Spain
2025,10,25,3,97.28,97.28,2025-10-25 00:30:00,Spain
2025,10,25,4,96.41,96.41,2025-10-25 00:45:00,Spain
2025,10,25,5,96.41,96.41,2025-10-25 01:00:00,Spain
2025,10,25,6,95.4,95.4,2025-10-25 01:15:00,Spain
2025,10,25,7,91.0,91.0,2025-10-25 01:30:00,Spain
2025,10,25,8,89.5,89.5,2025-10-25 01:45:00,Spain
2025,10,25,9,90.65,90.65,2025-10-25 02:00:00,Spain
2025,10,25,10,88.9,88.9,2025-10-25 02:15:00,Spain
2025,10,25,11,86.44,86.44,2025-10-25 02:30:00,Spain
2025,10,25,12,84.86,84.86,2025-10-25 02:45:00,Spain
2025,10,25,13,84.86,84.86,2025-10-25 03:00:00,Spain
2025,10,25,14,84.86,84.86,2025-10-25 03:15:00,Spain
2025,10,25,15,84.86,84.86,2025-10-25 03:30:00,Spain
2025,10,25,16,83.28,83.28,2025-10-25 03:45:00,Spain
2025,10,25,17,95.4,95.4,2025-10-25 04:00:00,Spain
2025,10,25,18,95.4,95.4,2025-10-25 04:15:00,Spain
2025,10,25,19,95.4,95.4,2025-10-25 04:30:00,Spain
2025,10,25,20,95.4,95.4,2025-10-25 04:45:00,Spain
2025,10,25,21,96.05,96.05,2025-10-25 05:00:00,Spain
2025,10,25,22,96.05,96.05,2025-10-25 05:15:00,Spain
2025,10,25,23,96.41,96.41,2025-10-25 05:30:00,Spain
2025,10,25,24,97.04,97.04,2025-10-25 05:45:00,Spain
2025,10,25,25,97.28,97.28,2025-10-25 06:00:00,Spain
2025,10,25,26,97.52,97.52,2025-10-25 06:15:00,Spain
2025,10,25,27,98.0,98.0,2025-10-25 06:30:00,Spain
2025,10,25,28,105.25,105.25,2025-10-25 06:45:00,Spain
2025,10,25,29,105.35,105.35,2025-10-25 07:00:00,Spain
2025,10,25,30,107.44,107.44,2025-10-25 07:15:00,Spain
2025,10,25,31,108.91,108.91,2025-10-25 07:30:00,Spain
2025,10,25,32,110.87,110.87,2025-10-25 07:45:00,Spain
2025,10,25,33,114.11,114.11,2025-10-25 08:00:00,Spain
2025,10,25,34,116.91,116.91,2025-10-25 08:15:00,Spain
2025,10,25,35,119.31,119.31,2025-10-25 08:30:00,Spain
2025,10,25,36,119.31,119.31,2025-10-25 08:45:00,Spain
2025,10,25,37,114.11,114.11,2025-10-25 09:00:00,Spain
2025,10,25,38,110.0,110.0,2025-10-25 09:15:00,Spain
2025,10,25,39,98.0,98.0,2025-10-25 09:30:00,Spain
2025,10,25,40,95.4,95.4,2025-10-25 09:45:00,Spain
2025,10,25,41,96.8,96.8,2025-10-25 10:00:00,Spain
2025,10,25,42,95.4,95.4,2025-10-25 10:15:00,Spain
2025,10,25,43,79.0,79.0,2025-10-25 10:30:00,Spain
2025,10,25,44,66.81,66.81,2025-10-25 10:45:00,Spain
2025,10,25,45,66.68,66.68,2025-10-25 11:00:00,Spain
2025,10,25,46,61.12,61.12,2025-10-25 11:15:00,Spain
2025,10,25,47,53.1,53.1,2025-10-25 11:30:00,Spain
2025,10,25,48,46.27,46.27,2025-10-25 11:45:00,Spain
2025,10,25,49,43.76,43.76,2025-10-25 12:00:00,Spain
2025,10,25,50,35.0,35.0,2025-10-25 12:15:00,Spain
2025,10,25,51,34.07,34.07,2025-10-25 12:30:00,Spain
2025,10,25,52,30.0,30.0,2025-10-25 12:45:00,Spain
2025,10,25,53,30.35,30.35,2025-10-25 13:00:00,Spain
2025,10,25,54,30.0,30.0,2025-10-25 13:15:00,Spain
2025,10,25,55,29.5,29.5,2025-10-25 13:30:00,Spain
2025,10,25,56,26.0,26.0,2025-10-25 13:45:00,Spain
2025,10,25,57,25.02,24.0,2025-10-25 14:00:00,Spain
2025,10,25,58,25.02,22.2,2025-10-25 14:15:00,Spain
2025,10,25,59,25.02,22.08,2025-10-25 14:30:00,Spain
2025,10,25,60,25.02,16.79,2025-10-25 14:45:00,Spain
2025,10,25,61,25.02,16.68,2025-10-25 15:00:00,Spain
2025,10,25,62,25.02,16.46,2025-10-25 15:15:00,Spain
2025,10,25,63,25.02,16.46,2025-10-25 15:30:00,Spain
2025,10,25,64,25.02,16.46,2025-10-25 15:45:00,Spain
2025,10,25,65,25.02,16.57,2025-10-25 16:00:00,Spain
2025,10,25,66,25.02,16.68,2025-10-25 16:15:00,Spain
2025,10,25,67,25.02,16.79,2025-10-25 16:30:00,Spain
2025,10,25,68,25.02,22.2,2025-10-25 16:45:00,Spain
2025,10,25,69,26.35,26.35,2025-10-25 17:00:00,Spain
2025,10,25,70,40.0,40.0,2025-10-25 17:15:00,Spain
2025,10,25,71,55.5,55.5,2025-10-25 17:30:00,Spain
2025,10,25,72,66.32,66.32,2025-10-25 17:45:00,Spain
2025,10,25,73,67.07,67.07,2025-10-25 18:00:00,Spain
2025,10,25,74,83.28,83.28,2025-10-25 18:15:00,Spain
2025,10,25,75,97.04,97.04,2025-10-25 18:30:00,Spain
2025,10,25,76,106.95,106.95,2025-10-25 18:45:00,Spain
2025,10,25,77,107.44,107.44,2025-10-25 19:00:00,Spain
2025,10,25,78,110.88,110.88,2025-10-25 19:15:00,Spain
2025,10,25,79,114.85,114.85,2025-10-25 19:30:00,Spain
2025,10,25,80,119.31,119.31,2025-10-25 19:45:00,Spain
2025,10,25,81,119.31,119.31,2025-10-25 20:00:00,Spain
2025,10,25,82,127.66,127.66,2025-10-25 20:15:00,Spain
2025,10,25,83,131.32,131.32,2025-10-25 20:30:00,Spain
2025,10,25,84,127.66,127.66,2025-10-25 20:45:00,Spain
2025,10,25,85,119.31,119.31,2025-10-25 21:00:00,Spain
2025,10,25,86,117.46,117.46,2025-10-25 21:15:00,Spain
2025,10,25,87,111.96,111.96,2025-10-25 21:30:00,Spain
2025,10,25,88,107.44,107.44,2025-10-25 21:45:00,Spain
2025,10,25,89,110.0,110.0,2025-10-25 22:00:00,Spain
2025,10,25,90,106.95,106.95,2025-10-25 22:15:00,Spain
2025,10,25,91,105.35,105.35,2025-10-25 22:30:00,Spain
2025,10,25,92,104.55,104.55,2025-10-25 22:45:00,Spain
2025,10,25,93,105.17,105.17,2025-10-25 23:00:00,Spain
2025,10,25,94,100.0,100.0,2025-10-25 23:15:00,Spain
2025,10,25,95,97.52,97.52,2025-10-25 23:30:00,Spain
2025,10,25,96,96.41,96.41,2025-10-25 23:45:00,Spain
2025,10,29,1,92.05,92.05,2025-10-29 00:00:00,Spain
2025,10,29,2,90.01,90.01,2025-10-29 00:15:00,Spain
2025,10,29,3,88.0,88.0,2025-10-29 00:30:00,Spain
2025,10,29,4,85.01,85.01,2025-10-29 00:45:00,Spain
2025,10,29,5,87.51,87.51,2025-10-29 01:00:00,Spain
2025,10,29,6,84.5,84.5,2025-10-29 01:15:00,Spain
2025,10,29,7,82.76,82.76,2025-10-29 01:30:00,Spain
2025,10,29,8,82.51,82.51,2025-10-29 01:45:00,Spain
2025,10,29,9,80.07,80.07,2025-10-29 02:00:00,Spain
2025,10,29,10,80.01,80.01,2025-10-29 02:15:00,Spain
2025,10,29,11,80.01,80.01,2025-10-29 02:30:00,Spain
2025,10,29,12,80.01,80.01,2025-10-29 02:45:00,Spain
2025,10,29,13,78.86,78.86,2025-10-29 03:00:00,Spain
2025,10,29,14,77.15,77.15,2025-10-29 03:15:00,Spain
2025,10,29,15,74.99,74.99,2025-10-29 03:30:00,Spain
2025,10,29,16,74.99,74.99,2025-10-29 03:45:00,Spain
2025,10,29,17,77.27,77.27,2025-10-29 04:00:00,Spain
2025,10,29,18,77.0,77.0,2025-10-29 04:15:00,Spain
2025,10,29,19,80.0,80.0,2025-10-29 04:30:00,Spain
2025,10,29,20,80.01,80.01,2025-10-29 04:45:00,Spain
2025,10,29,21,80.07,80.07,2025-10-29 05:00:00,Spain
2025,10,29,22,81.01,81.01,2025-10-29 05:15:00,Spain
2025,10,29,23,83.27,83.27,2025-10-29 05:30:00,Spain
2025,10,29,24,85.01,85.01,2025-10-29 05:45:00,Spain
2025,10,29,25,85.0,85.0,2025-10-29 06:00:00,Spain
2025,10,29,26,87.04,87.04,2025-10-29 06:15:00,Spain
2025,10,29,27,90.0,90.0,2025-10-29 06:30:00,Spain
2025,10,29,28,99.0,99.0,2025-10-29 06:45:00,Spain
2025,10,29,29,105.93,105.93,2025-10-29 07:00:00,Spain
2025,10,29,30,107.68,107.68,2025-10-29 07:15:00,Spain
2025,10,29,31,110.41,110.41,2025-10-29 07:30:00,Spain
2025,10,29,32,109.29,109.29,2025-10-29 07:45:00,Spain
2025,10,29,33,116.49,116.49,2025-10-29 08:00:00,Spain
2025,10,29,34,112.36,112.36,2025-10-29 08:15:00,Spain
2025,10,29,35,109.56,109.56,2025-10-29 08:30:00,Spain
2025,10,29,36,108.4,108.4,2025-10-29 08:45:00,Spain
2025,10,29,37,108.78,108.78,2025-10-29 09:00:00,Spain
2025,10,29,38,105.4,105.4,2025-10-29 09:15:00,Spain
2025,10,29,39,100.88,100.88,2025-10-29 09:30:00,Spain
2025,10,29,40,95.0,95.0,2025-10-29 09:45:00,Spain
2025,10,29,41,95.0,95.0,2025-10-29 10:00:00,Spain
2025,10,29,42,90.0,90.0,2025-10-29 10:15:00,Spain
2025,10,29,43,86.22,86.22,2025-10-29 10:30:00,Spain
2025,10,29,44,85.0,85.0,2025-10-29 10:45:00,Spain
2025,10,29,45,85.01,85.01,2025-10-29 11:00:00,Spain
2025,10,29,46,82.51,82.51,2025-10-29 11:15:00,Spain
2025,10,29,47,82.51,82.51,2025-10-29 11:30:00,Spain
2025,10,29,48,82.51,82.51,2025-10-29 11:45:00,Spain
2025,10,29,49,83.38,83.38,2025-10-29 12:00:00,Spain
2025,10,29,50,82.51,82.51,2025-10-29 12:15:00,Spain
2025,10,29,51,82.51,82.51,2025-10-29 12:30:00,Spain
2025,10,29,52,82.87,82.87,2025-10-29 12:45:00,Spain
2025,10,29,53,82.59,82.59,2025-10-29 13:00:00,Spain
2025,10,29,54,85.01,85.01,2025-10-29 13:15:00,Spain
2025,10,29,55,85.01,85.01,2025-10-29 13:30:00,Spain
2025,10,29,56,87.86,87.86,2025-10-29 13:45:00,Spain
2025,10,29,57,85.01,85.01,2025-10-29 14:00:00,Spain
2025,10,29,58,87.51,87.51,2025-10-29 14:15:00,Spain
2025,10,29,59,100.2,100.2,2025-10-29 14:30:00,Spain
2025,10,29,60,106.12,106.12,2025-10-29 14:45:00,Spain
2025,10,29,61,95.0,95.0,2025-10-29 15:00:00,Spain
2025,10,29,62,103.77,103.77,2025-10-29 15:15:00,Spain
2025,10,29,63,106.09,106.09,2025-10-29 15:30:00,Spain
2025,10,29,64,107.2,107.2,2025-10-29 15:45:00,Spain
2025,10,29,65,106.07,106.07,2025-10-29 16:00:00,Spain
2025,10,29,66,107.2,107.2,2025-10-29 16:15:00,Spain
2025,10,29,67,108.4,108.4,2025-10-29 16:30:00,Spain
2025,10,29,68,112.36,112.36,2025-10-29 16:45:00,Spain
2025,10,29,69,113.98,113.98,2025-10-29 17:00:00,Spain
2025,10,29,70,116.49,116.49,2025-10-29 17:15:00,Spain
2025,10,29,71,132.0,132.0,2025-10-29 17:30:00,Spain
2025,10,29,72,131.73,131.73,2025-10-29 17:45:00,Spain
2025,10,29,73,129.14,129.14,2025-10-29 18:00:00,Spain
2025,10,29,74,135.2,135.2,2025-10-29 18:15:00,Spain
2025,10,29,75,136.66,136.66,2025-10-29 18:30:00,Spain
2025,10,29,76,148.29,148.29,2025-10-29 18:45:00,Spain
2025,10,29,77,144.0,144.0,2025-10-29 19:00:00,Spain
2025,10,29,78,150.01,150.01,2025-10-29 19:15:00,Spain
2025,10,29,79,156.58,156.58,2025-10-29 19:30:00,Spain
2025,10,29,80,158.93,158.93,2025-10-29 19:45:00,Spain
2025,10,29,81,158.93,158.93,2025-10-29 20:00:00,Spain
2025,10,29,82,160.21,160.21,2025-10-29 20:15:00,Spain
2025,10,29,83,160.21,160.21,2025-10-29 20:30:00,Spain
2025,10,29,84,160.21,160.21,2025-10-29 20:45:00,Spain
2025,10,29,85,157.43,157.43,2025-10-29 21:00:00,Spain
2025,10,29,86,153.78,153.78,2025-10-29 21:15:00,Spain
2025,10,29,87,144.0,144.0,2025-10-29 21:30:00,Spain
2025,10,29,88,135.2,135.2,2025-10-29 21:45:00,Spain
2025,10,29,89,135.2,135.2,2025-10-29 22:00:00,Spain
2025,10,29,90,128.65,128.65,2025-10-29 22:15:00,Spain
2025,10,29,91,123.0,123.0,2025-10-29 22:30:00,Spain
2025,10,29,92,117.14,117.14,2025-10-29 22:45:00,Spain
2025,10,29,93,119.68,116.19,2025-10-29 23:00:00,Spain
2025,10,29,94,117.14,111.67,2025-10-29 23:15:00,Spain
2025,10,29,95,117.14,108.96,2025-10-29 23:30:00,Spain
2025,10,29,96,115.56,108.16,2025-10-29 23:45:00,Spain
2025,11,3,1,92.1,92.1,2025-11-03 00:00:00,Spain
2025,11,3,2,90.1,90.1,2025-11-03 00:15:00,Spain
2025,11,3,3,87.5,87.5,2025-11-03 00:30:00,Spain
2025,11,3,4,86.14,86.14,2025-11-03 00:45:00,Spain
2025,11,3,5,84.56,84.56,2025-11-03 01:00:00,Spain
2025,11,3,6,83.69,83.69,2025-11-03 01:15:00,Spain
2025,11,3,7,83.64,83.64,2025-11-03 01:30:00,Spain
2025,11,3,8,83.4,83.4,2025-11-03 01:45:00,Spain
2025,11,3,9,83.16,83.16,2025-11-03 02:00:00,Spain
2025,11,3,10,82.98,82.98,2025-11-03 02:15:00,Spain
2025,11,3,11,82.92,82.92,2025-11-03 02:30:00,Spain
2025,11,3,12,82.92,82.92,2025-11-03 02:45:00,Spain
2025,11,3,13,82.68,82.68,2025-11-03 03:00:00,Spain
2025,11,3,14,82.44,82.44,2025-11-03 03:15:00,Spain
2025,11,3,15,82.44,82.44,2025-11-03 03:30:00,Spain
2025,11,3,16,82.68,82.68,2025-11-03 03:45:00,Spain
2025,11,3,17,82.44,82.44,2025-11-03 04:00:00,Spain
2025,11,3,18,82.68,82.68,2025-11-03 04:15:00,Spain
2025,11,3,19,82.98,82.98,2025-11-03 04:30:00,Spain
2025,11,3,20,83.16,83.16,2025-11-03 04:45:00,Spain
2025,11,3,21,83.64,83.64,2025-11-03 05:00:00,Spain
2025,11,3,22,83.69,83.69,2025-11-03 05:15:00,Spain
2025,11,3,23,85.37,85.37,2025-11-03 05:30:00,Spain
2025,11,3,24,91.33,91.33,2025-11-03 05:45:00,Spain
2025,11,3,25,94.97,94.97,2025-11-03 06:00:00,Spain
2025,11,3,26,102.79,102.79,2025-11-03 06:15:00,Spain
2025,11,3,27,105.0,105.0,2025-11-03 06:30:00,Spain
2025,11,3,28,110.07,110.07,2025-11-03 06:45:00,Spain
2025,11,3,29,118.67,118.67,2025-11-03 07:00:00,Spain
2025,11,3,30,123.89,123.89,2025-11-03 07:15:00,Spain
2025,11,3,31,140.39,140.39,2025-11-03 07:30:00,Spain
2025,11,3,32,149.39,149.39,2025-11-03 07:45:00,Spain
2025,11,3,33,143.19,143.19,2025-11-03 08:00:00,Spain
2025,11,3,34,118.67,118.67,2025-11-03 08:15:00,Spain
2025,11,3,35,105.55,105.55,2025-11-03 08:30:00,Spain
2025,11,3,36,87.51,87.51,2025-11-03 08:45:00,Spain
2025,11,3,37,90.51,90.51,2025-11-03 09:00:00,Spain
2025,11,3,38,82.68,82.68,2025-11-03 09:15:00,Spain
2025,11,3,39,65.0,65.0,2025-11-03 09:30:00,Spain
2025,11,3,40,45.37,45.37,2025-11-03 09:45:00,Spain
2025,11,3,41,50.0,50.0,2025-11-03 10:00:00,Spain
2025,11,3,42,37.77,37.77,2025-11-03 10:15:00,Spain
2025,11,3,43,30.05,30.05,2025-11-03 10:30:00,Spain
2025,11,3,44,18.74,18.74,2025-11-03 10:45:00,Spain
2025,11,3,45,28.54,28.54,2025-11-03 11:00:00,Spain
2025,11,3,46,19.14,19.14,2025-11-03 11:15:00,Spain
2025,11,3,47,16.68,16.68,2025-11-03 11:30:00,Spain
2025,11,3,48,15.52,15.52,2025-11-03 11:45:00,Spain
2025,11,3,49,16.79,16.79,2025-11-03 12:00:00,Spain
2025,11,3,50,16.65,16.65,2025-11-03 12:15:00,Spain
2025,11,3,51,16.79,16.79,2025-11-03 12:30:00,Spain
2025,11,3,52,15.73,15.73,2025-11-03 12:45:00,Spain
2025,11,3,53,15.16,15.16,2025-11-03 13:00:00,Spain
2025,11,3,54,12.86,12.86,2025-11-03 13:15:00,Spain
2025,11,3,55,12.87,12.87,2025-11-03 13:30:00,Spain
2025,11,3,56,14.0,14.0,2025-11-03 13:45:00,Spain
2025,11,3,57,14.25,14.25,2025-11-03 14:00:00,Spain
2025,11,3,58,16.68,16.68,2025-11-03 14:15:00,Spain
2025,11,3,59,19.71,19.71,2025-11-03 14:30:00,Spain
2025,11,3,60,23.84,23.84,2025-11-03 14:45:00,Spain
2025,11,3,61,18.99,18.99,2025-11-03 15:00:00,Spain
2025,11,3,62,35.9,25.33,2025-11-03 15:15:00,Spain
2025,11,3,63,39.72,39.72,2025-11-03 15:30:00,Spain
2025,11,3,64,50.55,50.55,2025-11-03 15:45:00,Spain
2025,11,3,65,45.0,45.0,2025-11-03 16:00:00,Spain
2025,11,3,66,51.07,51.07,2025-11-03 16:15:00,Spain
2025,11,3,67,72.51,72.51,2025-11-03 16:30:00,Spain
2025,11,3,68,83.4,83.4,2025-11-03 16:45:00,Spain
2025,11,3,69,85.37,85.37,2025-11-03 17:00:00,Spain
2025,11,3,70,103.9,103.9,2025-11-03 17:15:00,Spain
2025,11,3,71,111.82,111.82,2025-11-03 17:30:00,Spain
2025,11,3,72,140.39,140.39,2025-11-03 17:45:00,Spain
2025,11,3,73,118.67,118.67,2025-11-03 18:00:00,Spain
2025,11,3,74,123.27,123.27,2025-11-03 18:15:00,Spain
2025,11,3,75,129.0,129.0,2025-11-03 18:30:00,Spain
2025,11,3,76,129.19,129.19,2025-11-03 18:45:00,Spain
2025,11,3,77,140.39,140.39,2025-11-03 19:00:00,Spain
2025,11,3,78,150.0,150.0,2025-11-03 19:15:00,Spain
2025,11,3,79,150.01,150.01,2025-11-03 19:30:00,Spain
2025,11,3,80,150.01,150.01,2025-11-03 19:45:00,Spain
2025,11,3,81,157.15,157.15,2025-11-03 20:00:00,Spain
2025,11,3,82,155.34,155.34,2025-11-03 20:15:00,Spain
2025,11,3,83,150.01,150.01,2025-11-03 20:30:00,Spain
2025,11,3,84,143.19,143.19,2025-11-03 20:45:00,Spain
2025,11,3,85,150.0,150.0,2025-11-03 21:00:00,Spain
2025,11,3,86,135.01,135.01,2025-11-03 21:15:00,Spain
2025,11,3,87,121.69,121.69,2025-11-03 21:30:00,Spain
2025,11,3,88,115.26,115.26,2025-11-03 21:45:00,Spain
2025,11,3,89,110.5,110.5,2025-11-03 22:00:00,Spain
2025,11,3,90,105.0,105.0,2025-11-03 22:15:00,Spain
2025,11,3,91,100.24,100.24,2025-11-03 22:30:00,Spain
2025,11,3,92,93.37,93.37,2025-11-03 22:45:00,Spain
2025,11,3,93,96.74,96.74,2025-11-03 23:00:00,Spain
2025,11,3,94,94.5,94.5,2025-11-03 23:15:00,Spain
2025,11,3,95,90.0,90.0,2025-11-03 23:30:00,Spain
2025,11,3,96,86.14,86.14,2025-11-03 23:45:00,Spain
2025,11,7,1,65.55,65.55,2025-11-07 00:00:00,Spain
2025,11,7,2,62.52,62.52,2025-11-07 00:15:00,Spain
2025,11,7,3,57.26,57.26,2025-11-07 00:30:00,Spain
2025,11,7,4,52.52,52.52,2025-11-07 00:45:00,Spain
2025,11,7,5,55.01,55.01,2025-11-07 01:00:00,Spain
2025,11,7,6,54.1,54.1,2025-11-07 01:15:00,Spain
2025,11,7,7,52.86,52.86,2025-11-07 01:30:00,Spain
2025,11,7,8,49.66,49.66,2025-11-07 01:45:00,Spain
2025,11,7,9,54.1,54.1,2025-11-07 02:00:00,Spain
2025,11,7,10,50.0,50.0,2025-11-07 02:15:00,Spain
2025,11,7,11,49.66,49.66,2025-11-07 02:30:00,Spain
2025,11,7,12,45.0,45.0,2025-11-07 02:45:00,Spain
2025,11,7,13,42.0,42.0,2025-11-07 03:00:00,Spain
2025,11,7,14,38.17,38.17,2025-11-07 03:15:00,Spain
2025,11,7,15,35.91,35.91,2025-11-07 03:30:00,Spain
2025,11,7,16,34.73,34.73,2025-11-07 03:45:00,Spain
2025,11,7,17,34.56,34.56,2025-11-07 04:00:00,Spain
2025,11,7,18,33.0,33.0,2025-11-07 04:15:00,Spain
2025,11,7,19,33.0,33.0,2025-11-07 04:30:00,Spain
2025,11,7,20,34.46,34.46,2025-11-07 04:45:00,Spain
2025,11,7,21,38.0,38.0,2025-11-07 05:00:00,Spain
2025,11,7,22,40.67,40.67,2025-11-07 05:15:00,Spain
2025,11,7,23,45.01,45.01,2025-11-07 05:30:00,Spain
2025,11,7,24,49.66,49.66,2025-11-07 05:45:00,Spain
2025,11,7,25,58.98,58.98,2025-11-07 06:00:00,Spain
2025,11,7,26,61.08,61.08,2025-11-07 06:15:00,Spain
2025,11,7,27,63.55,63.55,2025-11-07 06:30:00,Spain
2025,11,7,28,68.33,68.33,2025-11-07 06:45:00,Spain
2025,11,7,29,68.67,68.67,2025-11-07 07:00:00,Spain
2025,11,7,30,79.89,79.89,2025-11-07 07:15:00,Spain
2025,11,7,31,84.76,84.76,2025-11-07 07:30:00,Spain
2025,11,7,32,87.5,87.5,2025-11-07 07:45:00,Spain
2025,11,7,33,98.66,98.66,2025-11-07 08:00:00,Spain
2025,11,7,34,94.92,94.92,2025-11-07 08:15:00,Spain
2025,11,7,35,90.0,90.0,2025-11-07 08:30:00,Spain
2025,11,7,36,81.99,81.99,2025-11-07 08:45:00,Spain
2025,11,7,37,85.0,85.0,2025-11-07 09:00:00,Spain
2025,11,7,38,75.59,75.59,2025-11-07 09:15:00,Spain
2025,11,7,39,65.0,65.0,2025-11-07 09:30:00,Spain
2025,11,7,40,61.8,61.8,2025-11-07 09:45:00,Spain
2025,11,7,41,62.52,62.52,2025-11-07 10:00:00,Spain
2025,11,7,42,60.99,60.99,2025-11-07 10:15:00,Spain
2025,11,7,43,55.68,55.68,2025-11-07 10:30:00,Spain
2025,11,7,44,51.2,51.2,2025-11-07 10:45:00,Spain
2025,11,7,45,51.5,51.5,2025-11-07 11:00:00,Spain
2025,11,7,46,50.0,50.0,2025-11-07 11:15:00,Spain
2025,11,7,47,50.0,50.0,2025-11-07 11:30:00,Spain
2025,11,7,48,45.32,45.32,2025-11-07 11:45:00,Spain
2025,11,7,49,50.0,50.0,2025-11-07 12:00:00,Spain
2025,11,7,50,46.25,46.25,2025-11-07 12:15:00,Spain
2025,11,7,51,50.0,50.0,2025-11-07 12:30:00,Spain
2025,11,7,52,48.75,48.75,2025-11-07 12:45:00,Spain
2025,11,7,53,43.62,43.62,2025-11-07 13:00:00,Spain
2025,11,7,54,43.5,43.5,2025-11-07 13:15:00,Spain
2025,11,7,55,41.34,41.34,2025-11-07 13:30:00,Spain
2025,11,7,56,43.62,43.62,2025-11-07 13:45:00,Spain
2025,11,7,57,45.0,45.0,2025-11-07 14:00:00,Spain
2025,11,7,58,50.0,50.0,2025-11-07 14:15:00,Spain
2025,11,7,59,50.93,50.93,2025-11-07 14:30:00,Spain
2025,11,7,60,54.1,54.1,2025-11-07 14:45:00,Spain
2025,11,7,61,54.1,54.1,2025-11-07 15:00:00,Spain
2025,11,7,62,58.84,58.84,2025-11-07 15:15:00,Spain
2025,11,7,63,61.8,61.8,2025-11-07 15:30:00,Spain
2025,11,7,64,64.67,64.67,2025-11-07 15:45:00,Spain
2025,11,7,65,64.67,64.67,2025-11-07 16:00:00,Spain
2025,11,7,66,74.07,74.07,2025-11-07 16:15:00,Spain
2025,11,7,67,87.52,87.52,2025-11-07 16:30:00,Spain
2025,11,7,68,91.5,91.5,2025-11-07 16:45:00,Spain
2025,11,7,69,84.47,84.47,2025-11-07 17:00:00,Spain
2025,11,7,70,92.0,92.0,2025-11-07 17:15:00,Spain
2025,11,7,71,96.61,96.61,2025-11-07 17:30:00,Spain
2025,11,7,72,104.12,104.12,2025-11-07 17:45:00,Spain
2025,11,7,73,101.58,101.58,2025-11-07 18:00:00,Spain
2025,11,7,74,104.01,104.01,2025-11-07 18:15:00,Spain
2025,11,7,75,110.0,110.0,2025-11-07 18:30:00,Spain
2025,11,7,76,112.52,112.52,2025-11-07 18:45:00,Spain
2025,11,7,77,106.94,106.94,2025-11-07 19:00:00,Spain
2025,11,7,78,110.0,110.0,2025-11-07 19:15:00,Spain
2025,11,7,79,106.67,106.67,2025-11-07 19:30:00,Spain
2025,11,7,80,106.67,106.67,2025-11-07 19:45:00,Spain
2025,11,7,81,103.96,103.96,2025-11-07 20:00:00,Spain
2025,11,7,82,103.96,103.96,2025-11-07 20:15:00,Spain
2025,11,7,83,103.96,103.96,2025-11-07 20:30:00,Spain
2025,11,7,84,100.95,100.95,2025-11-07 20:45:00,Spain
2025,11,7,85,100.07,100.07,2025-11-07 21:00:00,Spain
2025,11,7,86,98.12,98.12,2025-11-07 21:15:00,Spain
2025,11,7,87,95.0,95.0,2025-11-07 21:30:00,Spain
2025,11,7,88,91.22,91.22,2025-11-07 21:45:00,Spain
2025,11,7,89,87.52,87.52,2025-11-07 22:00:00,Spain
2025,11,7,90,85.0,85.0,2025-11-07 22:15:00,Spain
2025,11,7,91,85.01,85.01,2025-11-07 22:30:00,Spain
2025,11,7,92,85.0,85.0,2025-11-07 22:45:00,Spain
2025,11,7,93,80.0,80.0,2025-11-07 23:00:00,Spain
2025,11,7,94,75.0,75.0,2025-11-07 23:15:00,Spain
2025,11,7,95,70.55,70.55,2025-11-07 23:30:00,Spain
2025,11,7,96,63.28,63.28,2025-11-07 23:45:00,Spain
2025,11,11,1,93.5,93.5,2025-11-11 00:00:00,Spain
2025,11,11,2,91.84,91.84,2025-11-11 00:15:00,Spain
2025,11,11,3,90.24,90.24,2025-11-11 00:30:00,Spain
2025,11,11,4,89.52,89.52,2025-11-11 00:45:00,Spain
2025,11,11,5,89.76,89.76,2025-11-11 01:00:00,Spain
2025,11,11,6,89.04,89.04,2025-11-11 01:15:00,Spain
2025,11,11,7,88.68,88.68,2025-11-11 01:30:00,Spain
2025,11,11,8,87.1,87.1,2025-11-11 01:45:00,Spain
2025,11,11,9,89.76,89.76,2025-11-11 02:00:00,Spain
2025,11,11,10,89.28,89.28,2025-11-11 02:15:00,Spain
2025,11,11,11,89.04,89.04,2025-11-11 02:30:00,Spain
2025,11,11,12,88.8,88.8,2025-11-11 02:45:00,Spain
2025,11,11,13,89.28,89.28,2025-11-11 03:00:00,Spain
2025,11,11,14,89.04,89.04,2025-11-11 03:15:00,Spain
2025,11,11,15,88.8,88.8,2025-11-11 03:30:00,Spain
2025,11,11,16,88.68,88.68,2025-11-11 03:45:00,Spain
2025,11,11,17,88.68,88.68,2025-11-11 04:00:00,Spain
2025,11,11,18,88.68,88.68,2025-11-11 04:15:00,Spain
2025,11,11,19,88.68,88.68,2025-11-11 04:30:00,Spain
2025,11,11,20,88.8,88.8,2025-11-11 04:45:00,Spain
2025,11,11,21,88.68,88.68,2025-11-11 05:00:00,Spain
2025,11,11,22,87.1,87.1,2025-11-11 05:15:00,Spain
2025,11,11,23,88.68,88.68,2025-11-11 05:30:00,Spain
2025,11,11,24,89.28,89.28,2025-11-11 05:45:00,Spain
2025,11,11,25,88.68,88.68,2025-11-11 06:00:00,Spain
2025,11,11,26,89.04,89.04,2025-11-11 06:15:00,Spain
2025,11,11,27,89.76,89.76,2025-11-11 06:30:00,Spain
2025,11,11,28,91.15,91.15,2025-11-11 06:45:00,Spain
2025,11,11,29,90.26,90.26,2025-11-11 07:00:00,Spain
2025,11,11,30,92.48,92.48,2025-11-11 07:15:00,Spain
2025,11,11,31,98.11,98.11,2025-11-11 07:30:00,Spain
2025,11,11,32,98.63,98.63,2025-11-11 07:45:00,Spain
2025,11,11,33,103.59,103.59,2025-11-11 08:00:00,Spain
2025,11,11,34,98.0,98.0,2025-11-11 08:15:00,Spain
2025,11,11,35,90.0,90.0,2025-11-11 08:30:00,Spain
2025,11,11,36,82.14,82.14,2025-11-11 08:45:00,Spain
2025,11,11,37,82.35,82.35,2025-11-11 09:00:00,Spain
2025,11,11,38,69.0,69.0,2025-11-11 09:15:00,Spain
2025,11,11,39,38.6,38.6,2025-11-11 09:30:00,Spain
2025,11,11,40,14.0,14.0,2025-11-11 09:45:00,Spain
2025,11,11,41,31.68,31.68,2025-11-11 10:00:00,Spain
2025,11,11,42,14.39,14.39,2025-11-11 10:15:00,Spain
2025,11,11,43,5.0,5.0,2025-11-11 10:30:00,Spain
2025,11,11,44,1.2,1.2,2025-11-11 10:45:00,Spain
2025,11,11,45,12.64,12.64,2025-11-11 11:00:00,Spain
2025,11,11,46,12.2,12.2,2025-11-11 11:15:00,Spain
2025,11,11,47,10.0,10.0,2025-11-11 11:30:00,Spain
2025,11,11,48,7.96,7.96,2025-11-11 11:45:00,Spain
2025,11,11,49,11.82,11.82,2025-11-11 12:00:00,Spain
2025,11,11,50,12.42,12.42,2025-11-11 12:15:00,Spain
2025,11,11,51,16.57,16.57,2025-11-11 12:30:00,Spain
2025,11,11,52,11.01,11.01,2025-11-11 12:45:00,Spain
2025,11,11,53,10.0,10.0,2025-11-11 13:00:00,Spain
2025,11,11,54,10.8,10.8,2025-11-11 13:15:00,Spain
2025,11,11,55,7.96,7.96,2025-11-11 13:30:00,Spain
2025,11,11,56,5.9,5.9,2025-11-11 13:45:00,Spain
2025,11,11,57,3.0,3.0,2025-11-11 14:00:00,Spain
2025,11,11,58,3.53,3.53,2025-11-11 14:15:00,Spain
2025,11,11,59,5.11,5.11,2025-11-11 14:30:00,Spain
2025,11,11,60,10.9,10.9,2025-11-11 14:45:00,Spain
2025,11,11,61,11.0,11.0,2025-11-11 15:00:00,Spain
2025,11,11,62,10.2,10.2,2025-11-11 15:15:00,Spain
2025,11,11,63,13.27,13.27,2025-11-11 15:30:00,Spain
2025,11,11,64,16.79,16.79,2025-11-11 15:45:00,Spain
2025,11,11,65,16.79,16.79,2025-11-11 16:00:00,Spain
2025,11,11,66,32.17,32.17,2025-11-11 16:15:00,Spain
2025,11,11,67,44.6,44.6,2025-11-11 16:30:00,Spain
2025,11,11,68,74.46,74.46,2025-11-11 16:45:00,Spain
2025,11,11,69,59.9,59.9,2025-11-11 17:00:00,Spain
2025,11,11,70,76.5,76.5,2025-11-11 17:15:00,Spain
2025,11,11,71,89.76,89.76,2025-11-11 17:30:00,Spain
2025,11,11,72,92.48,92.48,2025-11-11 17:45:00,Spain
2025,11,11,73,91.84,91.84,2025-11-11 18:00:00,Spain
2025,11,11,74,92.95,92.95,2025-11-11 18:15:00,Spain
2025,11,11,75,98.0,98.0,2025-11-11 18:30:00,Spain
2025,11,11,76,100.33,100.33,2025-11-11 18:45:00,Spain
2025,11,11,77,100.95,100.95,2025-11-11 19:00:00,Spain
2025,11,11,78,102.8,102.8,2025-11-11 19:15:00,Spain
2025,11,11,79,102.56,102.56,2025-11-11 19:30:00,Spain
2025,11,11,80,103.59,103.59,2025-11-11 19:45:00,Spain
2025,11,11,81,103.9,103.9,2025-11-11 20:00:00,Spain
2025,11,11,82,103.9,103.9,2025-11-11 20:15:00,Spain
2025,11,11,83,103.18,103.18,2025-11-11 20:30:00,Spain
2025,11,11,84,99.44,99.44,2025-11-11 20:45:00,Spain
2025,11,11,85,103.59,103.59,2025-11-11 21:00:00,Spain
2025,11,11,86,98.6,98.6,2025-11-11 21:15:00,Spain
2025,11,11,87,92.48,92.48,2025-11-11 21:30:00,Spain
2025,11,11,88,90.0,90.0,2025-11-11 21:45:00,Spain
2025,11,11,89,91.84,91.84,2025-11-11 22:00:00,Spain
2025,11,11,90,89.76,89.76,2025-11-11 22:15:00,Spain
2025,11,11,91,87.61,87.61,2025-11-11 22:30:00,Spain
2025,11,11,92,82.35,82.35,2025-11-11 22:45:00,Spain
2025,11,11,93,80.82,80.82,2025-11-11 23:00:00,Spain
2025,11,11,94,76.01,76.01,2025-11-11 23:15:00,Spain
2025,11,11,95,65.0,65.0,2025-11-11 23:30:00,Spain
2025,11,11,96,60.0,60.0,2025-11-11 23:45:00,Spain
2025,11,15,1,31.5,31.5,2025-11-15 00:00:00,Spain
2025,11,15,2,22.2,22.2,2025-11-15 00:15:00,Spain
2025,11,15,3,21.14,21.14,2025-11-15 00:30:00,Spain
2025,11,15,4,17.11,17.11,2025-11-15 00:45:00,Spain
2025,11,15,5,23.04,23.04,2025-11-15 01:00:00,Spain
2025,11,15,6,19.1,19.1,2025-11-15 01:15:00,Spain
2025,11,15,7,19.51,19.51,2025-11-15 01:30:00,Spain
2025,11,15,8,17.37,17.37,2025-11-15 01:45:00,Spain
2025,11,15,9,18.92,18.92,2025-11-15 02:00:00,Spain
2025,11,15,10,17.37,17.37,2025-11-15 02:15:00,Spain
2025,11,15,11,17.11,17.11,2025-11-15 02:30:00,Spain
2025,11,15,12,17.0,17.0,2025-11-15 02:45:00,Spain
2025,11,15,13,17.03,17.03,2025-11-15 03:00:00,Spain
2025,11,15,14,17.03,17.03,2025-11-15 03:15:00,Spain
2025,11,15,15,16.9,16.9,2025-11-15 03:30:00,Spain
2025,11,15,16,16.57,16.57,2025-11-15 03:45:00,Spain
2025,11,15,17,16.49,16.49,2025-11-15 04:00:00,Spain
2025,11,15,18,16.46,16.46,2025-11-15 04:15:00,Spain
2025,11,15,19,16.46,16.46,2025-11-15 04:30:00,Spain
2025,11,15,20,16.57,16.57,2025-11-15 04:45:00,Spain
2025,11,15,21,17.08,17.08,2025-11-15 05:00:00,Spain
2025,11,15,22,17.03,17.03,2025-11-15 05:15:00,Spain
2025,11,15,23,17.1,17.1,2025-11-15 05:30:00,Spain
2025,11,15,24,17.2,17.2,2025-11-15 05:45:00,Spain
2025,11,15,25,17.2,17.2,2025-11-15 06:00:00,Spain
2025,11,15,26,18.58,18.58,2025-11-15 06:15:00,Spain
2025,11,15,27,20.0,20.0,2025-11-15 06:30:00,Spain
2025,11,15,28,22.79,22.79,2025-11-15 06:45:00,Spain
2025,11,15,29,20.0,20.0,2025-11-15 07:00:00,Spain
2025,11,15,30,19.59,19.59,2025-11-15 07:15:00,Spain
2025,11,15,31,20.61,20.61,2025-11-15 07:30:00,Spain
2025,11,15,32,25.0,25.0,2025-11-15 07:45:00,Spain
2025,11,15,33,34.0,34.0,2025-11-15 08:00:00,Spain
2025,11,15,34,34.0,34.0,2025-11-15 08:15:00,Spain
2025,11,15,35,29.9,29.9,2025-11-15 08:30:00,Spain
2025,11,15,36,25.0,25.0,2025-11-15 08:45:00,Spain
2025,11,15,37,35.01,35.01,2025-11-15 09:00:00,Spain
2025,11,15,38,30.0,30.0,2025-11-15 09:15:00,Spain
2025,11,15,39,31.5,31.5,2025-11-15 09:30:00,Spain
2025,11,15,40,18.91,18.91,2025-11-15 09:45:00,Spain
2025,11,15,41,33.0,33.0,2025-11-15 10:00:00,Spain
2025,11,15,42,21.8,21.8,2025-11-15 10:15:00,Spain
2025,11,15,43,23.98,23.98,2025-11-15 10:30:00,Spain
2025,11,15,44,18.49,18.49,2025-11-15 10:45:00,Spain
2025,11,15,45,19.57,19.57,2025-11-15 11:00:00,Spain
2025,11,15,46,18.07,18.07,2025-11-15 11:15:00,Spain
2025,11,15,47,17.5,17.5,2025-11-15 11:30:00,Spain
2025,11,15,48,17.5,17.5,2025-11-15 11:45:00,Spain
2025,11,15,49,21.1,21.1,2025-11-15 12:00:00,Spain
2025,11,15,50,20.31,20.31,2025-11-15 12:15:00,Spain
2025,11,15,51,24.43,24.43,2025-11-15 12:30:00,Spain
2025,11,15,52,26.33,26.33,2025-11-15 12:45:00,Spain
2025,11,15,53,21.63,21.63,2025-11-15 13:00:00,Spain
2025,11,15,54,24.38,24.38,2025-11-15 13:15:00,Spain
2025,11,15,55,23.77,23.77,2025-11-15 13:30:00,Spain
2025,11,15,56,28.6,28.6,2025-11-15 13:45:00,Spain
2025,11,15,57,25.0,25.0,2025-11-15 14:00:00,Spain
2025,11,15,58,32.0,32.0,2025-11-15 14:15:00,Spain
2025,11,15,59,35.01,35.01,2025-11-15 14:30:00,Spain
2025,11,15,60,35.01,35.01,2025-11-15 14:45:00,Spain
2025,11,15,61,35.0,35.0,2025-11-15 15:00:00,Spain
2025,11,15,62,35.01,35.01,2025-11-15 15:15:00,Spain
2025,11,15,63,35.01,35.01,2025-11-15 15:30:00,Spain
2025,11,15,64,39.37,39.37,2025-11-15 15:45:00,Spain
2025,11,15,65,35.02,35.02,2025-11-15 16:00:00,Spain
2025,11,15,66,39.37,39.37,2025-11-15 16:15:00,Spain
2025,11,15,67,42.65,42.65,2025-11-15 16:30:00,Spain
2025,11,15,68,45.92,45.92,2025-11-15 16:45:00,Spain
2025,11,15,69,40.0,40.0,2025-11-15 17:00:00,Spain
2025,11,15,70,46.31,46.31,2025-11-15 17:15:00,Spain
2025,11,15,71,50.0,50.0,2025-11-15 17:30:00,Spain
2025,11,15,72,56.35,56.35,2025-11-15 17:45:00,Spain
2025,11,15,73,55.57,55.57,2025-11-15 18:00:00,Spain
2025,11,15,74,61.5,61.5,2025-11-15 18:15:00,Spain
2025,11,15,75,69.68,69.68,2025-11-15 18:30:00,Spain
2025,11,15,76,73.46,73.46,2025-11-15 18:45:00,Spain
2025,11,15,77,63.37,63.37,2025-11-15 19:00:00,Spain
2025,11,15,78,60.72,60.72,2025-11-15 19:15:00,Spain
2025,11,15,79,56.0,56.0,2025-11-15 19:30:00,Spain
2025,11,15,80,54.38,54.38,2025-11-15 19:45:00,Spain
2025,11,15,81,51.26,51.26,2025-11-15 20:00:00,Spain
2025,11,15,82,50.0,50.0,2025-11-15 20:15:00,Spain
2025,11,15,83,46.16,46.16,2025-11-15 20:30:00,Spain
2025,11,15,84,45.68,45.68,2025-11-15 20:45:00,Spain
2025,11,15,85,49.64,49.64,2025-11-15 21:00:00,Spain
2025,11,15,86,46.16,46.16,2025-11-15 21:15:00,Spain
2025,11,15,87,45.44,45.44,2025-11-15 21:30:00,Spain
2025,11,15,88,39.77,39.77,2025-11-15 21:45:00,Spain
2025,11,15,89,44.74,44.74,2025-11-15 22:00:00,Spain
2025,11,15,90,39.77,39.77,2025-11-15 22:15:00,Spain
2025,11,15,91,40.83,40.83,2025-11-15 22:30:00,Spain
2025,11,15,92,39.37,39.37,2025-11-15 22:45:00,Spain
2025,11,15,93,42.99,42.99,2025-11-15 23:00:00,Spain
2025,11,15,94,39.37,39.37,2025-11-15 23:15:00,Spain
2025,11,15,95,36.68,36.68,2025-11-15 23:30:00,Spain
2025,11,15,96,35.02,35.02,2025-11-15 23:45:00,Spain
2025,11,19,1,122.58,122.58,2025-11-19 00:00:00,Spain
2025,11,19,2,122.34,122.34,2025-11-19 00:15:00,Spain
2025,11,19,3,118.95,118.95,2025-11-19 00:30:00,Spain
2025,11,19,4,113.57,113.57,2025-11-19 00:45:00,Spain
2025,11,19,5,110.04,110.04,2025-11-19 01:00:00,Spain
2025,11,19,6,106.1,106.1,2025-11-19 01:15:00,Spain
2025,11,19,7,103.56,103.56,2025-11-19 01:30:00,Spain
2025,11,19,8,100.0,100.0,2025-11-19 01:45:00,Spain
2025,11,19,9,97.5,97.5,2025-11-19 02:00:00,Spain
2025,11,19,10,96.99,96.99,2025-11-19 02:15:00,Spain
2025,11,19,11,96.99,96.99,2025-11-19 02:30:00,Spain
2025,11,19,12,96.54,96.54,2025-11-19 02:45:00,Spain
2025,11,19,13,97.22,97.22,2025-11-19 03:00:00,Spain
2025,11,19,14,96.99,96.99,2025-11-19 03:15:00,Spain
2025,11,19,15,96.99,96.99,2025-11-19 03:30:00,Spain
2025,11,19,16,96.44,96.44,2025-11-19 03:45:00,Spain
2025,11,19,17,95.9,95.9,2025-11-19 04:00:00,Spain
2025,11,19,18,95.0,95.0,2025-11-19 04:15:00,Spain
2025,11,19,19,95.0,95.0,2025-11-19 04:30:00,Spain
2025,11,19,20,96.44,96.44,2025-11-19 04:45:00,Spain
2025,11,19,21,96.99,96.99,2025-11-19 05:00:00,Spain
2025,11,19,22,96.99,96.99,2025-11-19 05:15:00,Spain
2025,11,19,23,97.22,97.22,2025-11-19 05:30:00,Spain
2025,11,19,24,100.64,100.64,2025-11-19 05:45:00,Spain
2025,11,19,25,109.62,109.62,2025-11-19 06:00:00,Spain
2025,11,19,26,110.37,110.37,2025-11-19 06:15:00,Spain
2025,11,19,27,113.37,113.37,2025-11-19 06:30:00,Spain
2025,11,19,28,119.55,119.55,2025-11-19 06:45:00,Spain
2025,11,19,29,106.1,106.1,2025-11-19 07:00:00,Spain
2025,11,19,30,112.56,112.56,2025-11-19 07:15:00,Spain
2025,11,19,31,118.95,118.95,2025-11-19 07:30:00,Spain
2025,11,19,32,118.95,118.95,2025-11-19 07:45:00,Spain
2025,11,19,33,127.73,127.73,2025-11-19 08:00:00,Spain
2025,11,19,34,120.1,120.1,2025-11-19 08:15:00,Spain
2025,11,19,35,112.56,112.56,2025-11-19 08:30:00,Spain
2025,11,19,36,106.1,106.1,2025-11-19 08:45:00,Spain
2025,11,19,37,111.12,111.12,2025-11-19 09:00:00,Spain
2025,11,19,38,97.22,97.22,2025-11-19 09:15:00,Spain
2025,11,19,39,97.12,97.12,2025-11-19 09:30:00,Spain
2025,11,19,40,92.34,92.34,2025-11-19 09:45:00,Spain
2025,11,19,41,99.26,99.26,2025-11-19 10:00:00,Spain
2025,11,19,42,93.06,93.06,2025-11-19 10:15:00,Spain
2025,11,19,43,92.1,92.1,2025-11-19 10:30:00,Spain
2025,11,19,44,84.0,84.0,2025-11-19 10:45:00,Spain
2025,11,19,45,85.98,85.98,2025-11-19 11:00:00,Spain
2025,11,19,46,78.14,78.14,2025-11-19 11:15:00,Spain
2025,11,19,47,70.5,70.5,2025-11-19 11:30:00,Spain
2025,11,19,48,65.0,65.0,2025-11-19 11:45:00,Spain
2025,11,19,49,80.56,80.56,2025-11-19 12:00:00,Spain
2025,11,19,50,66.82,66.82,2025-11-19 12:15:00,Spain
2025,11,19,51,70.5,70.5,2025-11-19 12:30:00,Spain
2025,11,19,52,65.97,65.97,2025-11-19 12:45:00,Spain
2025,11,19,53,70.5,70.5,2025-11-19 13:00:00,Spain
2025,11,19,54,66.85,66.85,2025-11-19 13:15:00,Spain
2025,11,19,55,67.3,67.3,2025-11-19 13:30:00,Spain
2025,11,19,56,63.32,63.32,2025-11-19 13:45:00,Spain
2025,11,19,57,63.32,63.32,2025-11-19 14:00:00,Spain
2025,11,19,58,70.0,70.0,2025-11-19 14:15:00,Spain
2025,11,19,59,66.96,66.96,2025-11-19 14:30:00,Spain
2025,11,19,60,75.96,75.96,2025-11-19 14:45:00,Spain
2025,11,19,61,73.25,73.25,2025-11-19 15:00:00,Spain
2025,11,19,62,79.73,79.73,2025-11-19 15:15:00,Spain
2025,11,19,63,84.57,84.57,2025-11-19 15:30:00,Spain
2025,11,19,64,91.33,91.33,2025-11-19 15:45:00,Spain
2025,11,19,65,82.34,82.34,2025-11-19 16:00:00,Spain
2025,11,19,66,85.3,85.3,2025-11-19 16:15:00,Spain
2025,11,19,67,92.34,92.34,2025-11-19 16:30:00,Spain
2025,11,19,68,98.4,98.4,2025-11-19 16:45:00,Spain
2025,11,19,69,98.71,98.71,2025-11-19 17:00:00,Spain
2025,11,19,70,110.37,110.37,2025-11-19 17:15:00,Spain
2025,11,19,71,122.42,122.42,2025-11-19 17:30:00,Spain
2025,11,19,72,125.47,125.47,2025-11-19 17:45:00,Spain
2025,11,19,73,115.74,115.74,2025-11-19 18:00:00,Spain
2025,11,19,74,118.95,118.95,2025-11-19 18:15:00,Spain
2025,11,19,75,122.69,122.69,2025-11-19 18:30:00,Spain
2025,11,19,76,122.69,122.69,2025-11-19 18:45:00,Spain
2025,11,19,77,120.92,120.92,2025-11-19 19:00:00,Spain
2025,11,19,78,122.69,122.69,2025-11-19 19:15:00,Spain
2025,11,19,79,124.89,124.89,2025-11-19 19:30:00,Spain
2025,11,19,80,127.73,127.73,2025-11-19 19:45:00,Spain
2025,11,19,81,130.01,130.01,2025-11-19 20:00:00,Spain
2025,11,19,82,130.01,130.01,2025-11-19 20:15:00,Spain
2025,11,19,83,129.24,129.24,2025-11-19 20:30:00,Spain
2025,11,19,84,127.73,127.73,2025-11-19 20:45:00,Spain
2025,11,19,85,122.94,122.94,2025-11-19 21:00:00,Spain
2025,11,19,86,118.95,118.95,2025-11-19 21:15:00,Spain
2025,11,19,87,112.4,112.4,2025-11-19 21:30:00,Spain
2025,11,19,88,103.74,103.74,2025-11-19 21:45:00,Spain
2025,11,19,89,112.56,112.56,2025-11-19 22:00:00,Spain
2025,11,19,90,106.12,106.12,2025-11-19 22:15:00,Spain
2025,11,19,91,101.68,101.68,2025-11-19 22:30:00,Spain
2025,11,19,92,96.26,96.26,2025-11-19 22:45:00,Spain
2025,11,19,93,106.1,106.1,2025-11-19 23:00:00,Spain
2025,11,19,94,97.5,97.5,2025-11-19 23:15:00,Spain
2025,11,19,95,95.0,95.0,2025-11-19 23:30:00,Spain
2025,11,19,96,88.12,88.12,2025-11-19 23:45:00,Spain
2025,11,23,1,76.4,76.4,2025-11-23 00:00:00,Spain
2025,11,23,2,75.58,75.58,2025-11-23 00:15:00,Spain
2025,11,23,3,73.91,73.91,2025-11-23 00:30:00,Spain
2025,11,23,4,67.22,67.22,2025-11-23 00:45:00,Spain
2025,11,23,5,69.8,69.8,2025-11-23 01:00:00,Spain
2025,11,23,6,67.22,67.22,2025-11-23 01:15:00,Spain
2025,11,23,7,62.07,62.07,2025-11-23 01:30:00,Spain
2025,11,23,8,50.03,50.03,2025-11-23 01:45:00,Spain
2025,11,23,9,49.0,49.0,2025-11-23 02:00:00,Spain
2025,11,23,10,43.96,43.96,2025-11-23 02:15:00,Spain
2025,11,23,11,38.5,38.5,2025-11-23 02:30:00,Spain
2025,11,23,12,36.0,36.0,2025-11-23 02:45:00,Spain
2025,11,23,13,43.96,43.96,2025-11-23 03:00:00,Spain
2025,11,23,14,41.35,41.35,2025-11-23 03:15:00,Spain
2025,11,23,15,37.0,37.0,2025-11-23 03:30:00,Spain
2025,11,23,16,35.25,35.25,2025-11-23 03:45:00,Spain
2025,11,23,17,34.9,34.9,2025-11-23 04:00:00,Spain
2025,11,23,18,34.6,34.6,2025-11-23 04:15:00,Spain
2025,11,23,19,34.5,34.5,2025-11-23 04:30:00,Spain
2025,11,23,20,34.5,34.5,2025-11-23 04:45:00,Spain
2025,11,23,21,42.0,42.0,2025-11-23 05:00:00,Spain
2025,11,23,22,41.35,41.35,2025-11-23 05:15:00,Spain
2025,11,23,23,42.0,42.0,2025-11-23 05:30:00,Spain
2025,11,23,24,43.02,43.02,2025-11-23 05:45:00,Spain
2025,11,23,25,44.3,44.3,2025-11-23 06:00:00,Spain
2025,11,23,26,46.58,46.58,2025-11-23 06:15:00,Spain
2025,11,23,27,49.0,49.0,2025-11-23 06:30:00,Spain
2025,11,23,28,49.82,49.82,2025-11-23 06:45:00,Spain
2025,11,23,29,60.46,60.46,2025-11-23 07:00:00,Spain
2025,11,23,30,64.06,64.06,2025-11-23 07:15:00,Spain
2025,11,23,31,65.53,65.53,2025-11-23 07:30:00,Spain
2025,11,23,32,66.78,66.78,2025-11-23 07:45:00,Spain
2025,11,23,33,71.98,71.98,2025-11-23 08:00:00,Spain
2025,11,23,34,67.22,67.22,2025-11-23 08:15:00,Spain
2025,11,23,35,50.03,50.03,2025-11-23 08:30:00,Spain
2025,11,23,36,43.02,43.02,2025-11-23 08:45:00,Spain
2025,11,23,37,34.25,34.25,2025-11-23 09:00:00,Spain
2025,11,23,38,22.0,22.0,2025-11-23 09:15:00,Spain
2025,11,23,39,6.0,6.0,2025-11-23 09:30:00,Spain
2025,11,23,40,3.52,3.52,2025-11-23 09:45:00,Spain
2025,11,23,41,3.52,3.52,2025-11-23 10:00:00,Spain
2025,11,23,42,1.72,1.72,2025-11-23 10:15:00,Spain
2025,11,23,43,0.66,0.66,2025-11-23 10:30:00,Spain
2025,11,23,44,0.65,0.65,2025-11-23 10:45:00,Spain
2025,11,23,45,0.09,0.09,2025-11-23 11:00:00,Spain
2025,11,23,46,0.01,0.01,2025-11-23 11:15:00,Spain
2025,11,23,47,0.0,0.0,2025-11-23 11:30:00,Spain
2025,11,23,48,0.0,0.0,2025-11-23 11:45:00,Spain
2025,11,23,49,0.0,0.0,2025-11-23 12:00:00,Spain
2025,11,23,50,0.0,0.0,2025-11-23 12:15:00,Spain
2025,11,23,51,0.0,0.0,2025-11-23 12:30:00,Spain
2025,11,23,52,0.0,0.0,2025-11-23 12:45:00,Spain
2025,11,23,53,0.0,0.0,2025-11-23 13:00:00,Spain
2025,11,23,54,0.0,0.0,2025-11-23 13:15:00,Spain
2025,11,23,55,0.0,0.0,2025-11-23 13:30:00,Spain
2025,11,23,56,0.0,0.0,2025-11-23 13:45:00,Spain
2025,11,23,57,0.0,0.0,2025-11-23 14:00:00,Spain
2025,11,23,58,0.0,0.0,2025-11-23 14:15:00,Spain
2025,11,23,59,0.0,0.0,2025-11-23 14:30:00,Spain
2025,11,23,60,0.0,0.0,2025-11-23 14:45:00,Spain
2025,11,23,61,0.0,0.0,2025-11-23 15:00:00,Spain
2025,11,23,62,0.0,0.0,2025-11-23 15:15:00,Spain
2025,11,23,63,0.47,0.47,2025-11-23 15:30:00,Spain
2025,11,23,64,0.66,0.66,2025-11-23 15:45:00,Spain
2025,11,23,65,1.72,1.72,2025-11-23 16:00:00,Spain
2025,11,23,66,3.52,3.52,2025-11-23 16:15:00,Spain
2025,11,23,67,16.9,16.9,2025-11-23 16:30:00,Spain
2025,11,23,68,34.25,34.25,2025-11-23 16:45:00,Spain
2025,11,23,69,43.96,43.96,2025-11-23 17:00:00,Spain
2025,11,23,70,50.2,50.2,2025-11-23 17:15:00,Spain
2025,11,23,71,67.82,67.82,2025-11-23 17:30:00,Spain
2025,11,23,72,73.25,73.25,2025-11-23 17:45:00,Spain
2025,11,23,73,67.22,67.22,2025-11-23 18:00:00,Spain
2025,11,23,74,68.06,68.06,2025-11-23 18:15:00,Spain
2025,11,23,75,69.74,69.74,2025-11-23 18:30:00,Spain
2025,11,23,76,70.0,70.0,2025-11-23 18:45:00,Spain
2025,11,23,77,72.98,72.98,2025-11-23 19:00:00,Spain
2025,11,23,78,73.25,73.25,2025-11-23 19:15:00,Spain
2025,11,23,79,73.25,73.25,2025-11-23 19:30:00,Spain
2025,11,23,80,74.56,74.56,2025-11-23 19:45:00,Spain
2025,11,23,81,80.75,80.75,2025-11-23 20:00:00,Spain
2025,11,23,82,80.85,80.85,2025-11-23 20:15:00,Spain
2025,11,23,83,80.0,80.0,2025-11-23 20:30:00,Spain
2025,11,23,84,75.0,75.0,2025-11-23 20:45:00,Spain
2025,11,23,85,78.21,78.21,2025-11-23 21:00:00,Spain
2025,11,23,86,74.56,74.56,2025-11-23 21:15:00,Spain
2025,11,23,87,70.0,70.0,2025-11-23 21:30:00,Spain
2025,11,23,88,67.82,67.82,2025-11-23 21:45:00,Spain
2025,11,23,89,68.06,68.06,2025-11-23 22:00:00,Spain
2025,11,23,90,67.58,67.58,2025-11-23 22:15:00,Spain
2025,11,23,91,67.1,67.1,2025-11-23 22:30:00,Spain
2025,11,23,92,58.0,58.0,2025-11-23 22:45:00,Spain
2025,11,23,93,50.2,50.2,2025-11-23 23:00:00,Spain
2025,11,23,94,48.0,48.0,2025-11-23 23:15:00,Spain
2025,11,23,95,40.32,40.32,2025-11-23 23:30:00,Spain
2025,11,23,96,34.5,34.5,2025-11-23 23:45:00,Spain
2025,11,27,1,94.07,94.07,2025-11-27 00:00:00,Portugal
2025,11,27,2,91.21,91.21,2025-11-27 00:15:00,Portugal
2025,11,27,3,87.81,87.81,2025-11-27 00:30:00,Portugal
2025,11,27,4,82.47,82.47,2025-11-27 00:45:00,Portugal
2025,11,27,5,86.0,86.0,2025-11-27 01:00:00,Portugal
2025,11,27,6,81.18,81.18,2025-11-27 01:15:00,Portugal
2025,11,27,7,80.0,80.0,2025-11-27 01:30:00,Portugal
2025,11,27,8,78.66,78.66,2025-11-27 01:45:00,Portugal
2025,11,27,9,78.66,78.66,2025-11-27 02:00:00,Portugal
2025,11,27,10,74.49,74.49,2025-11-27 02:15:00,Portugal
2025,11,27,11,72.1,72.1,2025-11-27 02:30:00,Portugal
2025,11,27,12,70.0,70.0,2025-11-27 02:45:00,Portugal
2025,11,27,13,72.08,72.08,2025-11-27 03:00:00,Portugal
2025,11,27,14,68.59,68.59,2025-11-27 03:15:00,Portugal
2025,11,27,15,67.47,67.47,2025-11-27 03:30:00,Portugal
2025,11,27,16,65.5,65.5,2025-11-27 03:45:00,Portugal
2025,11,27,17,66.07,66.07,2025-11-27 04:00:00,Portugal
2025,11,27,18,65.38,65.38,2025-11-27 04:15:00,Portugal
2025,11,27,19,66.07,66.07,2025-11-27 04:30:00,Portugal
2025,11,27,20,68.01,68.01,2025-11-27 04:45:00,Portugal
2025,11,27,21,65.37,65.37,2025-11-27 05:00:00,Portugal
2025,11,27,22,65.5,65.5,2025-11-27 05:15:00,Portugal
2025,11,27,23,70.0,70.0,2025-11-27 05:30:00,Portugal
2025,11,27,24,75.0,75.0,2025-11-27 05:45:00,Portugal
2025,11,27,25,69.32,69.32,2025-11-27 06:00:00,Portugal
2025,11,27,26,75.01,75.01,2025-11-27 06:15:00,Portugal
2025,11,27,27,80.02,80.02,2025-11-27 06:30:00,Portugal
2025,11,27,28,85.5,85.5,2025-11-27 06:45:00,Portugal
2025,11,27,29,90.28,90.28,2025-11-27 07:00:00,Portugal
2025,11,27,30,95.46,95.46,2025-11-27 07:15:00,Portugal
2025,11,27,31,99.53,99.53,2025-11-27 07:30:00,Portugal
2025,11,27,32,101.58,101.58,2025-11-27 07:45:00,Portugal
2025,11,27,33,104.71,104.71,2025-11-27 08:00:00,Portugal
2025,11,27,34,104.34,104.34,2025-11-27 08:15:00,Portugal
2025,11,27,35,100.32,100.32,2025-11-27 08:30:00,Portugal
2025,11,27,36,90.2,90.2,2025-11-27 08:45:00,Portugal
2025,11,27,37,101.58,101.58,2025-11-27 09:00:00,Portugal
2025,11,27,38,89.98,89.98,2025-11-27 09:15:00,Portugal
2025,11,27,39,80.0,80.0,2025-11-27 09:30:00,Portugal
2025,11,27,40,65.1,65.1,2025-11-27 09:45:00,Portugal
2025,11,27,41,67.0,67.0,2025-11-27 10:00:00,Portugal
2025,11,27,42,62.28,62.28,2025-11-27 10:15:00,Portugal
2025,11,27,43,50.3,50.3,2025-11-27 10:30:00,Portugal
2025,11,27,44,41.9,41.9,2025-11-27 10:45:00,Portugal
2025,11,27,45,47.32,47.32,2025-11-27 11:00:00,Portugal
2025,11,27,46,46.3,46.3,2025-11-27 11:15:00,Portugal
2025,11,27,47,43.8,43.8,2025-11-27 11:30:00,Portugal
2025,11,27,48,43.8,43.8,2025-11-27 11:45:00,Portugal
2025,11,27,49,45.0,45.0,2025-11-27 12:00:00,Portugal
2025,11,27,50,45.0,45.0,2025-11-27 12:15:00,Portugal
2025,11,27,51,46.3,46.3,2025-11-27 12:30:00,Portugal
2025,11,27,52,47.32,47.32,2025-11-27 12:45:00,Portugal
2025,11,27,53,50.0,50.0,2025-11-27 13:00:00,Portugal
2025,11,27,54,51.01,51.01,2025-11-27 13:15:00,Portugal
2025,11,27,55,54.0,54.0,2025-11-27 13:30:00,Portugal
2025,11,27,56,51.35,51.35,2025-11-27 13:45:00,Portugal
2025,11,27,57,51.35,51.35,2025-11-27 14:00:00,Portugal
2025,11,27,58,54.96,54.96,2025-11-27 14:15:00,Portugal
2025,11,27,59,55.13,55.13,2025-11-27 14:30:00,Portugal
2025,11,27,60,60.46,60.46,2025-11-27 14:45:00,Portugal
2025,11,27,61,54.0,54.0,2025-11-27 15:00:00,Portugal
2025,11,27,62,62.0,62.0,2025-11-27 15:15:00,Portugal
2025,11,27,63,65.0,65.0,2025-11-27 15:30:00,Portugal
2025,11,27,64,74.33,74.33,2025-11-27 15:45:00,Portugal
2025,11,27,65,65.32,65.32,2025-11-27 16:00:00,Portugal
2025,11,27,66,80.1,80.1,2025-11-27 16:15:00,Portugal
2025,11,27,67,90.2,90.2,2025-11-27 16:30:00,Portugal
2025,11,27,68,100.78,100.78,2025-11-27 16:45:00,Portugal
2025,11,27,69,88.53,88.53,2025-11-27 17:00:00,Portugal
2025,11,27,70,98.0,98.0,2025-11-27 17:15:00,Portugal
2025,11,27,71,104.71,104.71,2025-11-27 17:30:00,Portugal
2025,11,27,72,114.99,114.99,2025-11-27 17:45:00,Portugal
2025,11,27,73,107.99,107.99,2025-11-27 18:00:00,Portugal
2025,11,27,74,122.85,122.85,2025-11-27 18:15:00,Portugal
2025,11,27,75,110.0,110.0,2025-11-27 18:30:00,Portugal
2025,11,27,76,118.02,118.02,2025-11-27 18:45:00,Portugal
2025,11,27,77,110.0,110.0,2025-11-27 19:00:00,Portugal
2025,11,27,78,118.02,118.02,2025-11-27 19:15:00,Portugal
2025,11,27,79,123.0,123.0,2025-11-27 19:30:00,Portugal
2025,11,27,80,125.01,125.01,2025-11-27 19:45:00,Portugal
2025,11,27,81,137.0,137.0,2025-11-27 20:00:00,Portugal
2025,11,27,82,145.56,145.56,2025-11-27 20:15:00,Portugal
2025,11,27,83,152.29,152.29,2025-11-27 20:30:00,Portugal
2025,11,27,84,154.73,154.73,2025-11-27 20:45:00,Portugal
2025,11,27,85,170.01,170.01,2025-11-27 21:00:00,Portugal
2025,11,27,86,166.6,166.6,2025-11-27 21:15:00,Portugal
2025,11,27,87,158.93,158.93,2025-11-27 21:30:00,Portugal
2025,11,27,88,128.16,128.16,2025-11-27 21:45:00,Portugal
2025,11,27,89,128.17,128.17,2025-11-27 22:00:00,Portugal
2025,11,27,90,124.58,124.58,2025-11-27 22:15:00,Portugal
2025,11,27,91,105.54,105.54,2025-11-27 22:30:00,Portugal
2025,11,27,92,104.71,104.71,2025-11-27 22:45:00,Portugal
2025,11,27,93,104.82,104.82,2025-11-27 23:00:00,Portugal
2025,11,27,94,104.1,104.1,2025-11-27 23:15:00,Portugal
2025,11,27,95,101.58,101.58,2025-11-27 23:30:00,Portugal
2025,11,27,96,98.69,98.69,2025-11-27 23:45:00,Portugal
2025,12,1,1,92.96,92.96,2025-12-01 00:00:00,Spain
2025,12,1,2,90.93,90.93,2025-12-01 00:15:00,Spain
2025,12,1,3,84.19,84.19,2025-12-01 00:30:00,Spain
2025,12,1,4,80.0,80.0,2025-12-01 00:45:00,Spain
2025,12,1,5,81.53,81.53,2025-12-01 01:00:00,Spain
2025,12,1,6,75.39,75.39,2025-12-01 01:15:00,Spain
2025,12,1,7,74.33,74.33,2025-12-01 01:30:00,Spain
2025,12,1,8,71.88,71.88,2025-12-01 01:45:00,Spain
2025,12,1,9,71.0,71.0,2025-12-01 02:00:00,Spain
2025,12,1,10,70.0,70.0,2025-12-01 02:15:00,Spain
2025,12,1,11,71.0,71.0,2025-12-01 02:30:00,Spain
2025,12,1,12,70.0,70.0,2025-12-01 02:45:00,Spain
2025,12,1,13,69.9,69.9,2025-12-01 03:00:00,Spain
2025,12,1,14,70.0,70.0,2025-12-01 03:15:00,Spain
2025,12,1,15,70.0,70.0,2025-12-01 03:30:00,Spain
2025,12,1,16,70.72,70.72,2025-12-01 03:45:00,Spain
2025,12,1,17,75.0,75.0,2025-12-01 04:00:00,Spain
2025,12,1,18,75.25,75.25,2025-12-01 04:15:00,Spain
2025,12,1,19,79.0,79.0,2025-12-01 04:30:00,Spain
2025,12,1,20,80.0,80.0,2025-12-01 04:45:00,Spain
2025,12,1,21,82.63,82.63,2025-12-01 05:00:00,Spain
2025,12,1,22,84.21,84.21,2025-12-01 05:15:00,Spain
2025,12,1,23,93.04,93.04,2025-12-01 05:30:00,Spain
2025,12,1,24,95.07,95.07,2025-12-01 05:45:00,Spain
2025,12,1,25,95.07,95.07,2025-12-01 06:00:00,Spain
2025,12,1,26,98.98,98.98,2025-12-01 06:15:00,Spain
2025,12,1,27,100.82,100.82,2025-12-01 06:30:00,Spain
2025,12,1,28,103.82,103.82,2025-12-01 06:45:00,Spain
2025,12,1,29,100.82,100.82,2025-12-01 07:00:00,Spain
2025,12,1,30,103.82,103.82,2025-12-01 07:15:00,Spain
2025,12,1,31,109.0,109.0,2025-12-01 07:30:00,Spain
2025,12,1,32,119.74,119.74,2025-12-01 07:45:00,Spain
2025,12,1,33,125.01,125.01,2025-12-01 08:00:00,Spain
2025,12,1,34,120.47,120.47,2025-12-01 08:15:00,Spain
2025,12,1,35,107.0,107.0,2025-12-01 08:30:00,Spain
2025,12,1,36,101.54,101.54,2025-12-01 08:45:00,Spain
2025,12,1,37,118.04,118.04,2025-12-01 09:00:00,Spain
2025,12,1,38,100.1,100.1,2025-12-01 09:15:00,Spain
2025,12,1,39,87.92,87.92,2025-12-01 09:30:00,Spain
2025,12,1,40,74.78,74.78,2025-12-01 09:45:00,Spain
2025,12,1,41,88.0,88.0,2025-12-01 10:00:00,Spain
2025,12,1,42,79.01,79.01,2025-12-01 10:15:00,Spain
2025,12,1,43,70.14,70.14,2025-12-01 10:30:00,Spain
2025,12,1,44,63.32,63.32,2025-12-01 10:45:00,Spain
2025,12,1,45,70.0,70.0,2025-12-01 11:00:00,Spain
2025,12,1,46,67.9,67.9,2025-12-01 11:15:00,Spain
2025,12,1,47,67.9,67.9,2025-12-01 11:30:00,Spain
2025,12,1,48,67.0,67.0,2025-12-01 11:45:00,Spain
2025,12,1,49,71.82,71.82,2025-12-01 12:00:00,Spain
2025,12,1,50,70.5,70.5,2025-12-01 12:15:00,Spain
2025,12,1,51,70.5,70.5,2025-12-01 12:30:00,Spain
2025,12,1,52,70.37,70.37,2025-12-01 12:45:00,Spain
2025,12,1,53,69.72,69.72,2025-12-01 13:00:00,Spain
2025,12,1,54,69.72,69.72,2025-12-01 13:15:00,Spain
2025,12,1,55,69.0,69.0,2025-12-01 13:30:00,Spain
2025,12,1,56,69.85,69.85,2025-12-01 13:45:00,Spain
2025,12,1,57,69.72,69.72,2025-12-01 14:00:00,Spain
2025,12,1,58,69.72,69.72,2025-12-01 14:15:00,Spain
2025,12,1,59,69.98,69.98,2025-12-01 14:30:00,Spain
2025,12,1,60,70.11,70.11,2025-12-01 14:45:00,Spain
2025,12,1,61,70.37,70.37,2025-12-01 15:00:00,Spain
2025,12,1,62,70.5,70.5,2025-12-01 15:15:00,Spain
2025,12,1,63,72.63,72.63,2025-12-01 15:30:00,Spain
2025,12,1,64,80.0,80.0,2025-12-01 15:45:00,Spain
2025,12,1,65,70.35,70.35,2025-12-01 16:00:00,Spain
2025,12,1,66,82.06,82.06,2025-12-01 16:15:00,Spain
2025,12,1,67,90.2,90.2,2025-12-01 16:30:00,Spain
2025,12,1,68,100.0,100.0,2025-12-01 16:45:00,Spain
2025,12,1,69,87.44,87.44,2025-12-01 17:00:00,Spain
2025,12,1,70,92.76,92.76,2025-12-01 17:15:00,Spain
2025,12,1,71,98.98,98.98,2025-12-01 17:30:00,Spain
2025,12,1,72,101.3,101.3,2025-12-01 17:45:00,Spain
2025,12,1,73,102.08,102.08,2025-12-01 18:00:00,Spain
2025,12,1,74,104.6,104.6,2025-12-01 18:15:00,Spain
2025,12,1,75,105.8,105.8,2025-12-01 18:30:00,Spain
2025,12,1,76,107.0,107.0,2025-12-01 18:45:00,Spain
2025,12,1,77,120.0,120.0,2025-12-01 19:00:00,Spain
2025,12,1,78,123.0,123.0,2025-12-01 19:15:00,Spain
2025,12,1,79,123.82,123.82,2025-12-01 19:30:00,Spain
2025,12,1,80,125.01,125.01,2025-12-01 19:45:00,Spain
2025,12,1,81,130.35,130.35,2025-12-01 20:00:00,Spain
2025,12,1,82,145.56,145.56,2025-12-01 20:15:00,Spain
2025,12,1,83,145.56,145.56,2025-12-01 20:30:00,Spain
2025,12,1,84,130.01,130.01,2025-12-01 20:45:00,Spain
2025,12,1,85,159.68,159.68,2025-12-01 21:00:00,Spain
2025,12,1,86,145.56,145.56,2025-12-01 21:15:00,Spain
2025,12,1,87,127.27,127.27,2025-12-01 21:30:00,Spain
2025,12,1,88,120.47,120.47,2025-12-01 21:45:00,Spain
2025,12,1,89,123.82,123.82,2025-12-01 22:00:00,Spain
2025,12,1,90,107.07,107.07,2025-12-01 22:15:00,Spain
2025,12,1,91,104.07,104.07,2025-12-01 22:30:00,Spain
2025,12,1,92,101.06,101.06,2025-12-01 22:45:00,Spain
2025,12,1,93,100.58,100.58,2025-12-01 23:00:00,Spain
2025,12,1,94,98.47,98.47,2025-12-01 23:15:00,Spain
2025,12,1,95,94.06,94.06,2025-12-01 23:30:00,Spain
2025,12,1,96,90.0,90.0,2025-12-01 23:45:00,Spain
